timestamp,candidate_id,params_hash,split,sr_net,n_obs
2026-07-19T22:55:20+00:00,g2_gen0,0a9b1d68d71cb94c,train_g2,-7.581498,12328
2026-07-19T22:55:23+00:00,g2_gen0,daf111b857dcfc9b,train_g2,-4.661718,12296
2026-07-19T22:55:25+00:00,g2_gen0,f804ec00654bf5b3,train_g2,-4.092733,12061
2026-07-19T22:55:27+00:00,g2_gen0,c700bb0d6223307e,train_g2,-1.439777,12307
2026-07-19T22:55:28+00:00,g2_gen0,481a156caf055b29,train_g2,-4.510687,12093
2026-07-19T22:55:32+00:00,g2_gen0,97ffda55c1650f0f,train_g2,-3.915662,12358
2026-07-19T22:55:34+00:00,g2_gen0,fcb625617400efe8,train_g2,-0.194457,12324
2026-07-19T22:55:37+00:00,g2_gen0,5dd705560e563c68,train_g2,-5.914817,12337
2026-07-19T22:55:39+00:00,g2_gen0,94fb22b5e1d6581a,train_g2,-1.48829,7956
2026-07-19T22:55:41+00:00,g2_gen0,0a9b1d68d71cb94c,train_g2,-4.506372,12328
2026-07-19T22:55:43+00:00,g2_gen0,b246fd5f725e2e61,train_g2,-1.354664,12356
2026-07-19T22:55:46+00:00,g2_gen0,05a5d8ecfbf4c9b7,train_g2,-0.729509,12298
2026-07-19T22:55:48+00:00,g2_gen0,a80c02a74d559a80,train_g2,-2.330035,12338
2026-07-19T22:55:49+00:00,g2_gen0,5588f7988eb62f77,train_g2,-3.004274,9615
2026-07-19T22:55:53+00:00,g2_gen0,a80c02a74d559a80,train_g2,-8.254159,12338
2026-07-19T22:55:55+00:00,g2_gen0,9ff8c05775a73610,train_g2,-6.019215,6174
2026-07-19T22:55:57+00:00,g2_gen0,82fa9ac7c47bb1ac,train_g2,-4.303574,12297
2026-07-19T22:55:59+00:00,g2_gen0,ad07a9cb13ae6b70,train_g2,-6.162746,12271
2026-07-19T22:56:01+00:00,g2_gen0,6cfbde2d413a3ff0,train_g2,-7.992847,6183
2026-07-19T22:56:03+00:00,g2_gen0,a80c02a74d559a80,train_g2,-3.990099,12338
2026-07-19T22:56:06+00:00,g2_gen0,a80c02a74d559a80,train_g2,-2.330035,12338
2026-07-19T22:56:08+00:00,g2_gen0,82fa9ac7c47bb1ac,train_g2,-2.71688,12297
2026-07-19T22:56:10+00:00,g2_gen0,e131b47720067981,train_g2,-5.227069,12346
2026-07-19T22:56:12+00:00,g2_gen0,97ffda55c1650f0f,train_g2,-6.298451,12358
2026-07-19T22:56:14+00:00,g2_gen0,bb43e4d41207ed3d,train_g2,nan,0
2026-07-19T22:56:16+00:00,g2_gen0,96cf06516cfbb392,train_g2,-5.470182,4109
2026-07-19T22:56:18+00:00,g2_gen0,97ffda55c1650f0f,train_g2,-6.639329,12358
2026-07-19T22:56:20+00:00,g2_gen0,9313011c0ad15d3f,train_g2,-3.900988,12354
2026-07-19T22:56:23+00:00,g2_gen0,a80c02a74d559a80,train_g2,-5.706244,12338
2026-07-19T22:56:25+00:00,g2_gen0,bb43e4d41207ed3d,train_g2,nan,0
2026-07-19T22:56:27+00:00,g2_gen0,246a4ec4837b39a3,train_g2,-7.751487,8324
2026-07-19T22:56:30+00:00,g2_gen0,90fe68064f9f1800,train_g2,-0.386589,12327
2026-07-19T22:56:33+00:00,g2_gen0,0a9b1d68d71cb94c,train_g2,-3.858425,12328
2026-07-19T22:56:36+00:00,g2_gen0,7ec384754ed4a7fd,train_g2,-1.301576,6676
2026-07-19T22:56:38+00:00,g2_gen0,9313011c0ad15d3f,train_g2,-0.165167,12354
2026-07-19T22:56:42+00:00,g2_gen0,b7fe2fac3d6780a0,train_g2,-8.53703,12245
2026-07-19T22:56:44+00:00,g2_gen0,7da0d274791e3ab7,train_g2,-1.332421,12299
2026-07-19T22:56:48+00:00,g2_gen0,1a83f905ab6ab090,train_g2,-7.886287,10697
2026-07-19T22:56:50+00:00,g2_gen0,1ffb3b5dfdf06913,train_g2,-0.561688,11727
2026-07-19T22:56:52+00:00,g2_gen0,7c12806e6338a007,train_g2,-6.233143,12357
2026-07-19T22:56:55+00:00,g2_gen0,bb43e4d41207ed3d,train_g2,nan,0
2026-07-19T22:56:57+00:00,g2_gen0,82fa9ac7c47bb1ac,train_g2,-7.223346,12297
2026-07-19T22:57:00+00:00,g2_gen0,ddaa268d56438d03,train_g2,-0.989666,12348
2026-07-19T22:57:01+00:00,g2_gen0,bb43e4d41207ed3d,train_g2,nan,0
2026-07-19T22:57:05+00:00,g2_gen0,82fa9ac7c47bb1ac,train_g2,-7.956241,12297
2026-07-19T22:57:08+00:00,g2_gen0,89da11a8e46c47c7,train_g2,-7.778105,12326
2026-07-19T22:57:10+00:00,g2_gen0,7c12806e6338a007,train_g2,-0.507879,12357
2026-07-19T22:57:12+00:00,g2_gen0,d663bce6abd2eb43,train_g2,-3.343736,12344
2026-07-19T22:57:14+00:00,g2_gen0,fd3126299a763e55,train_g2,-5.902312,6175
2026-07-19T22:57:16+00:00,g2_gen0,daf111b857dcfc9b,train_g2,-4.786327,12296
2026-07-19T22:57:18+00:00,g2_gen0,a5fd0da7c0a08ca8,train_g2,-8.934909,12353
2026-07-19T22:57:21+00:00,g2_gen0,bb43e4d41207ed3d,train_g2,nan,0
2026-07-19T22:57:25+00:00,g2_gen0,fa1175b744c6bc70,train_g2,-5.66196,12292
2026-07-19T22:57:27+00:00,g2_gen0,bb43e4d41207ed3d,train_g2,nan,0
2026-07-19T22:57:29+00:00,g2_gen0,9313011c0ad15d3f,train_g2,-7.439655,12354
2026-07-19T22:57:33+00:00,g2_gen0,5f11bc7b0755fe93,train_g2,-3.571906,1154
2026-07-19T22:57:34+00:00,g2_gen0,bb43e4d41207ed3d,train_g2,nan,0
2026-07-19T22:57:37+00:00,g2_gen0,64342e4fcc5ecec4,train_g2,-7.047122,12261
2026-07-19T22:57:39+00:00,g2_gen0,21e9f2e90a2a16ff,train_g2,-1.634439,12305
2026-07-19T22:57:44+00:00,g2_gen0,bff93b07f7e0f167,train_g2,-6.736681,12251
2026-07-19T22:57:48+00:00,g2_gen0,50dc49af340f2c5c,train_g2,-2.521747,12267
2026-07-19T22:57:50+00:00,g2_gen0,a80c02a74d559a80,train_g2,-0.692652,12338
2026-07-19T22:57:53+00:00,g2_gen0,99ff8049f77ab128,train_g2,-6.282456,12202
2026-07-19T22:57:57+00:00,g2_gen0,6aae7a564d291071,train_g2,-4.923933,12012
2026-07-19T22:58:00+00:00,g2_gen0,82fa9ac7c47bb1ac,train_g2,-8.001426,12297
2026-07-19T22:58:03+00:00,g2_gen0,bcbfa572e2b36a47,train_g2,-9.126712,5270
2026-07-19T22:58:07+00:00,g2_gen0,35ab6eed92ca6921,train_g2,-7.314816,11421
2026-07-19T22:58:10+00:00,g2_gen0,a5fd0da7c0a08ca8,train_g2,-8.472472,12353
2026-07-19T22:58:13+00:00,g2_gen0,6cfbde2d413a3ff0,train_g2,-7.992847,6183
2026-07-19T22:58:16+00:00,g2_gen0,c700bb0d6223307e,train_g2,-1.5904,12307
2026-07-19T22:58:20+00:00,g2_gen0,c8e2dc0c3190bd44,train_g2,-6.006728,12333
2026-07-19T22:58:24+00:00,g2_gen0,7c12806e6338a007,train_g2,-5.558838,12357
2026-07-19T22:58:26+00:00,g2_gen0,b6768309afc8bf39,train_g2,-6.728527,12291
2026-07-19T22:58:29+00:00,g2_gen0,b246fd5f725e2e61,train_g2,-4.02653,12356
2026-07-19T22:58:31+00:00,g2_gen0,ad38e9ba520fc069,train_g2,-5.577154,11961
2026-07-19T22:58:33+00:00,g2_gen0,90fe68064f9f1800,train_g2,-0.482045,12327
2026-07-19T22:58:38+00:00,g2_gen0,e131b47720067981,train_g2,-3.164422,12346
2026-07-19T22:58:41+00:00,g2_gen0,82fa9ac7c47bb1ac,train_g2,-7.087499,12297
2026-07-19T22:58:43+00:00,g2_gen0,05b4e73f2264f9ef,train_g2,-6.673095,11856
2026-07-19T22:58:46+00:00,g2_gen0,e131b47720067981,train_g2,-1.516686,12346
2026-07-19T22:58:49+00:00,g2_gen0,98748216e79facd8,train_g2,-3.481339,12336
2026-07-19T22:58:51+00:00,g2_gen0,6f1ebd7b7aa898bd,train_g2,-8.13985,6182
2026-07-19T22:58:54+00:00,g2_gen0,9313011c0ad15d3f,train_g2,-8.370603,12354
2026-07-19T22:58:56+00:00,g2_gen0,a80c02a74d559a80,train_g2,0.635547,12338
2026-07-19T22:58:59+00:00,g2_gen0,0a9b1d68d71cb94c,train_g2,-6.93512,12328
2026-07-19T22:59:01+00:00,g2_gen0,36d365a74f251cd3,train_g2,-6.318666,10210
2026-07-19T22:59:04+00:00,g2_gen0,d6b7dba7c4b60f1d,train_g2,-8.080096,12304
2026-07-19T22:59:06+00:00,g2_gen0,6cfbde2d413a3ff0,train_g2,-7.992847,6183
2026-07-19T22:59:09+00:00,g2_gen1,cfcb4fbed60ae9f4,train_g2,-2.260022,12323
2026-07-19T22:59:12+00:00,g2_gen1,83dbc60dacf56e04,train_g2,-0.702034,12324
2026-07-19T22:59:14+00:00,g2_gen1,31ffac49f195819c,train_g2,nan,0
2026-07-19T22:59:16+00:00,g2_gen1,c14d253beca71d3e,train_g2,-0.293906,12328
2026-07-19T22:59:19+00:00,g2_gen1,1a5af41a9cf78e39,train_g2,-4.85348,12348
2026-07-19T22:59:23+00:00,g2_gen1,3f861f8b57b81fbb,train_g2,-7.462367,12316
2026-07-19T22:59:25+00:00,g2_gen1,625c53ee7a3fa772,train_g2,0.671395,12309
2026-07-19T22:59:28+00:00,g2_gen1,83dbc60dacf56e04,train_g2,-4.056512,12324
2026-07-19T22:59:33+00:00,g2_gen1,63133142a3025d63,train_g2,-5.208022,12344
2026-07-19T22:59:35+00:00,g2_gen1,ea9356343b92f25a,train_g2,-7.869182,12357
2026-07-19T22:59:37+00:00,g2_gen1,0ca4f1c1766d09cc,train_g2,-4.564643,12356
2026-07-19T22:59:40+00:00,g2_gen1,ea9356343b92f25a,train_g2,-1.50293,12357
2026-07-19T22:59:44+00:00,g2_gen1,0860f533110fce87,train_g2,-8.317942,12353
2026-07-19T22:59:46+00:00,g2_gen1,31ffac49f195819c,train_g2,nan,0
2026-07-19T22:59:48+00:00,g2_gen1,2ff580c47a13ef61,train_g2,nan,1
2026-07-19T22:59:50+00:00,g2_gen1,e2bd7f897e7abae8,train_g2,-4.526137,12354
2026-07-19T22:59:52+00:00,g2_gen1,625c53ee7a3fa772,train_g2,-0.383188,12309
2026-07-19T22:59:54+00:00,g2_gen1,e2bd7f897e7abae8,train_g2,-3.80423,12354
2026-07-19T22:59:57+00:00,g2_gen1,ea9356343b92f25a,train_g2,-4.772545,12357
2026-07-19T23:00:00+00:00,g2_gen1,d583dd152b779bff,train_g2,-2.360673,12288
2026-07-19T23:00:02+00:00,g2_gen1,ef8aacff8b4894d3,train_g2,-7.00875,12297
2026-07-19T23:00:05+00:00,g2_gen1,a8cc57aed7fdf471,train_g2,-4.979376,12358
2026-07-19T23:00:07+00:00,g2_gen1,a8cc57aed7fdf471,train_g2,-3.36031,12358
2026-07-19T23:00:09+00:00,g2_gen1,625c53ee7a3fa772,train_g2,0.696549,12309
2026-07-19T23:00:12+00:00,g2_gen1,ef8aacff8b4894d3,train_g2,-5.31977,12297
2026-07-19T23:00:14+00:00,g2_gen1,625c53ee7a3fa772,train_g2,-0.585719,12309
2026-07-19T23:00:17+00:00,g2_gen1,e2bd7f897e7abae8,train_g2,-4.507727,12354
2026-07-19T23:00:21+00:00,g2_gen1,63133142a3025d63,train_g2,-0.665998,12344
2026-07-19T23:00:24+00:00,g2_gen1,ef8aacff8b4894d3,train_g2,-4.303574,12297
2026-07-19T23:00:27+00:00,g2_gen1,e4526b4791099af3,train_g2,-4.793,12283
2026-07-19T23:00:30+00:00,g2_gen1,c6260a0c9691f8fc,train_g2,-0.566944,7512
2026-07-19T23:00:32+00:00,g2_gen1,143a9eaf07457e13,train_g2,-4.395534,12074
2026-07-19T23:00:34+00:00,g2_gen1,6b70ceab1c94ea0b,train_g2,0.24007,12338
2026-07-19T23:00:37+00:00,g2_gen1,939467f9f81ff9b2,train_g2,-0.9471,12337
2026-07-19T23:00:39+00:00,g2_gen1,1a5af41a9cf78e39,train_g2,-0.911857,12348
2026-07-19T23:00:43+00:00,g2_gen1,ba0a79e4d43deef7,train_g2,-1.116899,7063
2026-07-19T23:00:45+00:00,g2_gen1,a8cc57aed7fdf471,train_g2,-3.402142,12358
2026-07-19T23:01:21+00:00,g2_gen1,860f4fa2a4d142bb,train_g2,-7.360425,12308
2026-07-19T23:01:26+00:00,g2_gen1,6578581e4e2e1f8a,train_g2,-1.158229,12299
2026-07-19T23:01:35+00:00,g2_gen1,bacf6342b1c23d24,train_g2,-0.948282,6676
2026-07-19T23:01:43+00:00,g2_gen1,11ee97c55c80c4f3,train_g2,-0.31821,12345
2026-07-19T23:01:47+00:00,g2_gen1,6831dcc385797e1e,train_g2,-4.884892,12093
2026-07-19T23:01:55+00:00,g2_gen1,505deb3f8195edbb,train_g2,-4.677734,12350
2026-07-19T23:01:58+00:00,g2_gen1,55a9e37fb1eff2f5,train_g2,-0.742216,12298
2026-07-19T23:02:00+00:00,g2_gen1,cbdbca6d21fa17c4,train_g2,-4.208833,12050
2026-07-19T23:02:06+00:00,g2_gen1,a5015f65718b9899,train_g2,-4.886418,2575
2026-07-19T23:02:08+00:00,g2_gen1,b2d19534f5082f1e,train_g2,-5.700443,9566
2026-07-19T23:02:11+00:00,g2_gen1,c14d253beca71d3e,train_g2,0.5167,12328
2026-07-19T23:02:14+00:00,g2_gen1,d7e44cfbe1519090,train_g2,-0.806175,12268
2026-07-19T23:02:17+00:00,g2_gen1,defd71041d459d91,train_g2,-1.584203,12332
2026-07-19T23:02:28+00:00,g2_gen1,0860f533110fce87,train_g2,-3.050578,12353
2026-07-19T23:02:34+00:00,g2_gen1,00906ed545646bc5,train_g2,-3.149925,314
2026-07-19T23:02:55+00:00,g2_gen1,36c111fed9dd8124,train_g2,-6.815662,12183
2026-07-19T23:02:57+00:00,g2_gen1,4bf772382caad595,train_g2,-0.92334,12349
2026-07-19T23:02:59+00:00,g2_gen1,a8cc57aed7fdf471,train_g2,-6.312907,12358
2026-07-19T23:03:01+00:00,g2_gen1,939467f9f81ff9b2,train_g2,-7.542344,12337
2026-07-19T23:03:04+00:00,g2_gen1,cfcb4fbed60ae9f4,train_g2,0.659947,12323
2026-07-19T23:03:06+00:00,g2_gen1,cc6e7208203d01e4,train_g2,-9.126712,5270
2026-07-19T23:03:12+00:00,g2_gen2,0889519814c01862,train_g2,-5.750865,12358
2026-07-19T23:03:15+00:00,g2_gen2,a1c69437d501695e,train_g2,-3.41077,12328
2026-07-19T23:03:17+00:00,g2_gen2,6d13b18575d50c09,train_g2,-3.788223,12352
2026-07-19T23:03:20+00:00,g2_gen2,483bd7c71430bfca,train_g2,-4.78841,12317
2026-07-19T23:03:23+00:00,g2_gen2,b02efba0561432ab,train_g2,-0.412143,12308
2026-07-19T23:03:25+00:00,g2_gen2,a1857fb3469c5cee,train_g2,-1.175417,12296
2026-07-19T23:03:28+00:00,g2_gen2,34f578f38b22af69,train_g2,-0.618572,12327
2026-07-19T23:03:31+00:00,g2_gen2,aab65094b77c3de3,train_g2,0.711684,12309
2026-07-19T23:03:33+00:00,g2_gen2,c91a5d44fd85bd85,train_g2,0.601763,12338
2026-07-19T23:03:36+00:00,g2_gen2,d6124c3190385c3c,train_g2,-0.058385,12329
2026-07-19T23:03:40+00:00,g2_gen2,61f26f5b7f131b85,train_g2,-1.472891,12266
2026-07-19T23:03:43+00:00,g2_gen2,e793c46e7113bde7,train_g2,-0.952748,12350
2026-07-19T23:03:46+00:00,g2_gen2,09c5e5cbd84b0bbc,train_g2,-2.934609,12345
2026-07-19T23:03:48+00:00,g2_gen2,dda3c994256d98b5,train_g2,-4.818751,12285
2026-07-19T23:03:50+00:00,g2_gen2,0889519814c01862,train_g2,-2.763419,12358
2026-07-19T23:03:52+00:00,g2_gen2,3e3882cd3dcccaa5,train_g2,-2.934781,12346
2026-07-19T23:03:54+00:00,g2_gen2,c91a5d44fd85bd85,train_g2,-2.992284,12338
2026-07-19T23:03:57+00:00,g2_gen2,107a63d657dd06c6,train_g2,-2.781469,8013
2026-07-19T23:04:00+00:00,g2_gen2,a1c69437d501695e,train_g2,-1.54406,12328
2026-07-19T23:04:01+00:00,g2_gen2,de900623bdca08bb,train_g2,-1.948402,12340
2026-07-19T23:04:03+00:00,g2_gen2,aab65094b77c3de3,train_g2,-1.950351,12309
2026-07-19T23:04:06+00:00,g2_gen2,fb457e24fa5fbc3c,train_g2,-0.187122,12324
2026-07-19T23:04:09+00:00,g2_gen2,09c5e5cbd84b0bbc,train_g2,-1.753189,12345
2026-07-19T23:04:11+00:00,g2_gen2,47e0da3151292430,train_g2,-5.902312,6175
2026-07-19T23:04:13+00:00,g2_gen2,a1c69437d501695e,train_g2,-0.27176,12328
2026-07-19T23:04:15+00:00,g2_gen2,b174d37c530662b5,train_g2,0.529769,12326
2026-07-19T23:04:17+00:00,g2_gen2,1e0555ad82e5a5f5,train_g2,0.382449,12354
2026-07-19T23:04:20+00:00,g2_gen2,2964fed14bc58155,train_g2,-1.741236,12332
2026-07-19T23:04:22+00:00,g2_gen2,a62e2cc4e96b462e,train_g2,-7.057456,12297
2026-07-19T23:04:24+00:00,g2_gen2,aab65094b77c3de3,train_g2,0.261906,12309
2026-07-19T23:04:28+00:00,g2_gen2,d2442bda04e503d3,train_g2,-6.325028,12267
2026-07-19T23:04:30+00:00,g2_gen2,cd6810ae31a4dd89,train_g2,-4.040908,4600
2026-07-19T23:04:32+00:00,g2_gen2,a1c69437d501695e,train_g2,-0.730883,12328
2026-07-19T23:04:34+00:00,g2_gen2,cc5704b4a5c43b9a,train_g2,-0.539222,12310
2026-07-19T23:04:36+00:00,g2_gen2,6a8da3750be04e30,train_g2,-2.838366,117
2026-07-19T23:04:39+00:00,g2_gen2,d2442bda04e503d3,train_g2,-0.666841,12267
2026-07-19T23:04:41+00:00,g2_gen2,a1c69437d501695e,train_g2,-0.54713,12328
2026-07-19T23:04:44+00:00,g2_gen2,c91a5d44fd85bd85,train_g2,-1.850297,12338
2026-07-19T23:04:46+00:00,g2_gen2,de06129c493f252f,train_g2,nan,0
2026-07-19T23:04:49+00:00,g2_gen2,fb457e24fa5fbc3c,train_g2,-0.165246,12324
2026-07-19T23:04:53+00:00,g2_gen2,a1857fb3469c5cee,train_g2,-7.841686,12296
2026-07-19T23:04:56+00:00,g2_gen2,6d13b18575d50c09,train_g2,-7.93226,12352
2026-07-19T23:04:58+00:00,g2_gen2,7eb0dae0094aab16,train_g2,-0.22119,11727
2026-07-19T23:05:02+00:00,g2_gen2,a0ab55930ea0377f,train_g2,-0.197662,12349
2026-07-19T23:05:04+00:00,g2_gen2,de06129c493f252f,train_g2,nan,0
2026-07-19T23:05:08+00:00,g2_gen2,700ac60726bf9f81,train_g2,-3.246783,12293
2026-07-19T23:05:11+00:00,g2_gen2,34f578f38b22af69,train_g2,-0.156518,12327
2026-07-19T23:05:13+00:00,g2_gen2,aab65094b77c3de3,train_g2,0.696549,12309
2026-07-19T23:05:17+00:00,g2_gen2,d2442bda04e503d3,train_g2,-0.430671,12267
2026-07-19T23:05:23+00:00,g2_gen2,1e0555ad82e5a5f5,train_g2,0.588467,12354
2026-07-19T23:05:28+00:00,g2_gen2,a1857fb3469c5cee,train_g2,-7.496029,12296
2026-07-19T23:05:33+00:00,g2_gen2,a1c69437d501695e,train_g2,0.588282,12328
2026-07-19T23:05:39+00:00,g2_gen2,c9d524719a1d3bb5,train_g2,-4.658474,10743
2026-07-19T23:05:46+00:00,g2_gen2,a1c69437d501695e,train_g2,-0.153667,12328
2026-07-19T23:05:49+00:00,g2_gen2,0889519814c01862,train_g2,-4.88496,12358
2026-07-19T23:05:52+00:00,g2_gen2,aab65094b77c3de3,train_g2,-0.889595,12309
2026-07-19T23:06:03+00:00,g2_gen2,61f26f5b7f131b85,train_g2,-0.824964,12266
2026-07-19T23:06:06+00:00,g2_gen2,b05aa90aeadadfda,train_g2,-0.463875,8882
2026-07-19T23:06:10+00:00,g2_gen2,6591b69290bec53c,train_g2,-0.073995,12320
2026-07-19T23:06:12+00:00,g2_gen2,1e0555ad82e5a5f5,train_g2,0.463123,12354
2026-07-19T23:06:14+00:00,g2_gen2,de06129c493f252f,train_g2,nan,0
2026-07-19T23:06:18+00:00,g2_gen2,de06129c493f252f,train_g2,nan,0
2026-07-19T23:06:20+00:00,g2_gen2,34f578f38b22af69,train_g2,0.480222,12327
2026-07-19T23:06:22+00:00,g2_gen2,d6124c3190385c3c,train_g2,-0.415273,12329
2026-07-19T23:06:25+00:00,g2_gen2,aab65094b77c3de3,train_g2,-0.980789,12309
2026-07-19T23:06:27+00:00,g2_gen3,d66087fd247d75f1,train_g2,0.508972,12299
2026-07-19T23:06:29+00:00,g2_gen3,61893effe180ba40,train_g2,-1.49667,12309
2026-07-19T23:06:32+00:00,g2_gen3,3bc129c581fad876,train_g2,0.601083,12308
2026-07-19T23:06:34+00:00,g2_gen3,e325c7483f26ce74,train_g2,-4.293573,12353
2026-07-19T23:06:36+00:00,g2_gen3,2df2ce125b770a8f,train_g2,-1.11799,12334
2026-07-19T23:06:40+00:00,g2_gen3,3920e7a5bc1edabc,train_g2,-0.651895,12345
2026-07-19T23:06:42+00:00,g2_gen3,168d5fc649c5bbbd,train_g2,0.633633,12328
2026-07-19T23:06:44+00:00,g2_gen3,b676ba71eee67461,train_g2,nan,10
2026-07-19T23:06:47+00:00,g2_gen3,df18059aeda0485e,train_g2,-0.694927,12322
2026-07-19T23:06:49+00:00,g2_gen3,22ff0b5a43b54eab,train_g2,-2.330035,12338
2026-07-19T23:06:51+00:00,g2_gen3,8a0d4c5c15fa00b1,train_g2,0.498621,12297
2026-07-19T23:06:53+00:00,g2_gen3,e7301e0f6b0bd223,train_g2,-1.786192,12358
2026-07-19T23:06:55+00:00,g2_gen3,3bc129c581fad876,train_g2,0.655633,12308
2026-07-19T23:06:57+00:00,g2_gen3,61893effe180ba40,train_g2,-0.382384,12309
2026-07-19T23:06:59+00:00,g2_gen3,ae0f0ff91321f2a2,train_g2,-6.274383,10713
2026-07-19T23:07:02+00:00,g2_gen3,bf5d703d367df6a6,train_g2,0.654408,12320
2026-07-19T23:07:04+00:00,g2_gen3,61893effe180ba40,train_g2,-0.94105,12309
2026-07-19T23:07:06+00:00,g2_gen3,61893effe180ba40,train_g2,0.67997,12309
2026-07-19T23:07:10+00:00,g2_gen3,9e907d2a8c86f49d,train_g2,-8.147172,12350
2026-07-19T23:07:12+00:00,g2_gen3,065ee4ea57c4a3d0,train_g2,0.04336,11964
2026-07-19T23:07:14+00:00,g2_gen3,978dbddef5f9b01f,train_g2,-8.086197,6183
2026-07-19T23:07:18+00:00,g2_gen3,3367175fa11b2816,train_g2,-5.32597,12262
2026-07-19T23:07:20+00:00,g2_gen3,22f1e3119b10cbd9,train_g2,-5.051375,12291
2026-07-19T23:07:23+00:00,g2_gen3,3bc129c581fad876,train_g2,0.601083,12308
2026-07-19T23:07:25+00:00,g2_gen3,5d93d93e9342cbf4,train_g2,nan,0
2026-07-19T23:07:28+00:00,g2_gen3,fec5fdeebf906d8b,train_g2,-1.04512,12324
2026-07-19T23:07:30+00:00,g2_gen3,cf2b2b2163c096be,train_g2,-6.980984,12292
2026-07-19T23:07:34+00:00,g2_gen3,693945300c39c1ed,train_g2,-2.986094,12296
2026-07-19T23:07:36+00:00,g2_gen3,e7301e0f6b0bd223,train_g2,-2.942851,12358
2026-07-19T23:07:40+00:00,g2_gen3,3ede4225219ef7b0,train_g2,-2.328519,6086
2026-07-19T23:07:42+00:00,g2_gen3,4b7e72d80892ec60,train_g2,-1.425552,12342
2026-07-19T23:07:45+00:00,g2_gen3,4367db871aef8c89,train_g2,-4.771533,12087
2026-07-19T23:07:47+00:00,g2_gen3,a5f97972c6e9826c,train_g2,-0.119607,8687
2026-07-19T23:07:49+00:00,g2_gen3,da297b77d18d169e,train_g2,-0.656601,12327
2026-07-19T23:07:52+00:00,g2_gen3,5fccf2d4d992932d,train_g2,-0.234142,12312
2026-07-19T23:07:54+00:00,g2_gen3,168d5fc649c5bbbd,train_g2,-0.457814,12328
2026-07-19T23:07:57+00:00,g2_gen3,61893effe180ba40,train_g2,0.616703,12309
2026-07-19T23:07:59+00:00,g2_gen3,3bc129c581fad876,train_g2,0.628742,12308
2026-07-19T23:08:03+00:00,g2_gen3,c9ff8dab2756715a,train_g2,-4.736287,2143
2026-07-19T23:08:05+00:00,g2_gen3,b639049decf12836,train_g2,-4.912607,12359
2026-07-19T23:08:09+00:00,g2_gen3,7ba4e3e2bf811ff9,train_g2,-4.083296,1552
2026-07-19T23:08:12+00:00,g2_gen3,2a9dbc1491357577,train_g2,-5.288479,8149
2026-07-19T23:08:17+00:00,g2_gen3,9038858168141473,train_g2,-4.066309,12258
2026-07-19T23:08:19+00:00,g2_gen3,dc265e055c38a0fa,train_g2,0.55286,12307
2026-07-19T23:08:21+00:00,g2_gen3,3b6ebfd73e26b39e,train_g2,-0.38428,12339
2026-07-19T23:08:25+00:00,g2_gen3,968c80664fe94863,train_g2,-5.441033,11791
2026-07-19T23:08:27+00:00,g2_gen3,2d316441a10e8f09,train_g2,0.617384,12323
2026-07-19T23:08:29+00:00,g2_gen3,e2cc629bbb92015f,train_g2,-3.024658,1864
2026-07-19T23:08:31+00:00,g2_gen3,929a6b702243d330,train_g2,-0.165167,12354
2026-07-19T23:08:34+00:00,g2_gen3,5d93d93e9342cbf4,train_g2,nan,0
2026-07-19T23:08:36+00:00,g2_gen3,2274be7219048ff3,train_g2,0.408983,11718
2026-07-19T23:08:39+00:00,g2_gen3,6b7ef9a02f97326f,train_g2,-4.019781,12348
2026-07-19T23:08:42+00:00,g2_gen3,0e5569820cc2c670,train_g2,-6.677959,10247
2026-07-19T23:08:45+00:00,g2_gen3,dc265e055c38a0fa,train_g2,0.624708,12307
2026-07-19T23:08:48+00:00,g2_gen3,61893effe180ba40,train_g2,-0.383188,12309
2026-07-19T23:08:50+00:00,g2_gen3,e7301e0f6b0bd223,train_g2,-2.787147,12358
2026-07-19T23:08:52+00:00,g2_gen3,da297b77d18d169e,train_g2,0.549732,12327
2026-07-19T23:08:59+00:00,g2_gen3,25f1f56092349bea,train_g2,-6.161139,12177
2026-07-19T23:09:01+00:00,g2_gen4,61f39496d313dbd5,train_g2,-3.061033,12307
2026-07-19T23:09:05+00:00,g2_gen4,1a77cc92eb1da88f,train_g2,-5.486823,4109
2026-07-19T23:09:07+00:00,g2_gen4,fe4335a35832e33d,train_g2,-2.505007,12277
2026-07-19T23:09:11+00:00,g2_gen4,677e0f09cf103a90,train_g2,-0.024047,11960
2026-07-19T23:09:13+00:00,g2_gen4,f93abe7a88177495,train_g2,-4.069139,12262
2026-07-19T23:09:16+00:00,g2_gen4,385bb8405955a06b,train_g2,-2.892658,12355
2026-07-19T23:09:18+00:00,g2_gen4,9b5b58189fc21d73,train_g2,0.508972,12299
2026-07-19T23:09:21+00:00,g2_gen4,61f39496d313dbd5,train_g2,0.55286,12307
2026-07-19T23:09:25+00:00,g2_gen4,9787b5d965207877,train_g2,0.463949,12309
2026-07-19T23:09:27+00:00,g2_gen4,ac8c44d90829280e,train_g2,0.637322,12327
2026-07-19T23:09:30+00:00,g2_gen4,e8ed66766d75d3e1,train_g2,nan,0
2026-07-19T23:09:33+00:00,g2_gen4,9787b5d965207877,train_g2,-0.079182,12309
2026-07-19T23:09:36+00:00,g2_gen4,ed79602a62e5299c,train_g2,0.003635,12267
2026-07-19T23:09:40+00:00,g2_gen4,b45c9607857f7075,train_g2,-5.381088,12336
2026-07-19T23:09:44+00:00,g2_gen4,81f9410785678742,train_g2,-5.353127,12286
2026-07-19T23:09:47+00:00,g2_gen4,1c9651f4672d3d3b,train_g2,-2.021249,12258
2026-07-19T23:09:49+00:00,g2_gen4,9787b5d965207877,train_g2,-0.916639,12309
2026-07-19T23:09:53+00:00,g2_gen4,1fe01f31e17405c6,train_g2,0.504274,12297
2026-07-19T23:09:56+00:00,g2_gen4,e215fdcda1b1df9a,train_g2,-0.305036,12266
2026-07-19T23:10:02+00:00,g2_gen4,d7fcde0a188f2713,train_g2,0.4394,12324
2026-07-19T23:10:05+00:00,g2_gen4,1fe01f31e17405c6,train_g2,-0.45699,12297
2026-07-19T23:10:08+00:00,g2_gen4,1795a4cfcb66f299,train_g2,nan,1
2026-07-19T23:10:11+00:00,g2_gen4,e8ed66766d75d3e1,train_g2,nan,0
2026-07-19T23:10:14+00:00,g2_gen4,4485a446417e168a,train_g2,0.54722,12237
2026-07-19T23:10:17+00:00,g2_gen4,1fe01f31e17405c6,train_g2,-6.571239,12297
2026-07-19T23:10:20+00:00,g2_gen4,4fbd5ad7de4a0ad8,train_g2,-2.900091,12331
2026-07-19T23:10:23+00:00,g2_gen4,61f39496d313dbd5,train_g2,-0.686544,12307
2026-07-19T23:10:28+00:00,g2_gen4,e25a3431367b49e2,train_g2,-7.536768,12058
2026-07-19T23:10:30+00:00,g2_gen4,e8ed66766d75d3e1,train_g2,nan,0
2026-07-19T23:10:33+00:00,g2_gen4,bbb3e83837595d8b,train_g2,-7.010725,11742
2026-07-19T23:10:37+00:00,g2_gen4,b8d272911e3fabf3,train_g2,-0.666199,12306
2026-07-19T23:10:40+00:00,g2_gen4,078c4f562d421952,train_g2,0.478492,12329
2026-07-19T23:10:43+00:00,g2_gen4,2a8b6b03aae036b6,train_g2,-8.430445,12246
2026-07-19T23:10:46+00:00,g2_gen4,9787b5d965207877,train_g2,0.572758,12309
2026-07-19T23:10:49+00:00,g2_gen4,063ba6c798818f9d,train_g2,-7.771356,10491
2026-07-19T23:10:52+00:00,g2_gen4,ed8937cfba014409,train_g2,-6.685132,12356
2026-07-19T23:10:54+00:00,g2_gen4,9787b5d965207877,train_g2,-0.916639,12309
2026-07-19T23:10:57+00:00,g2_gen4,979502f7f4b6451b,train_g2,0.537939,12322
2026-07-19T23:10:59+00:00,g2_gen4,6d91472aa23d6d33,train_g2,-4.468076,1828
2026-07-19T23:11:02+00:00,g2_gen4,1fe01f31e17405c6,train_g2,-3.925564,12297
2026-07-19T23:11:04+00:00,g2_gen4,5fa2b25f6d070e60,train_g2,0.629848,12328
2026-07-19T23:11:06+00:00,g2_gen4,e8ed66766d75d3e1,train_g2,nan,0
2026-07-19T23:11:09+00:00,g2_gen4,53dd3d8709e9415c,train_g2,0.454004,12298
2026-07-19T23:11:12+00:00,g2_gen4,53dd3d8709e9415c,train_g2,0.478413,12298
2026-07-19T23:11:14+00:00,g2_gen4,ca25e8cd26fa9a13,train_g2,-1.227748,12345
2026-07-19T23:11:17+00:00,g2_gen4,9787b5d965207877,train_g2,0.689285,12309
2026-07-19T23:11:20+00:00,g2_gen4,385bb8405955a06b,train_g2,-6.465451,12355
2026-07-19T23:11:22+00:00,g2_gen4,b45c9607857f7075,train_g2,-3.957267,12336
2026-07-19T23:11:25+00:00,g2_gen4,e8ed66766d75d3e1,train_g2,nan,0
2026-07-19T23:11:27+00:00,g2_gen5,13d04a321da71084,train_g2,-0.589974,12261
2026-07-19T23:11:30+00:00,g2_gen5,77567d2fb2a863be,train_g2,0.508972,12299
2026-07-19T23:11:32+00:00,g2_gen5,937fb40ad0ccf01c,train_g2,nan,0
2026-07-19T23:11:34+00:00,g2_gen5,0b9b597be50bd968,train_g2,0.680063,12307
2026-07-19T23:11:36+00:00,g2_gen5,db1af5edc6b1d89a,train_g2,-1.702833,12302
2026-07-19T23:11:39+00:00,g2_gen5,4a2c24057c113248,train_g2,-5.878891,12338
2026-07-19T23:11:41+00:00,g2_gen5,358b8b26346d60e1,train_g2,-0.810841,12267
2026-07-19T23:11:43+00:00,g2_gen5,f2a122b7868ee00c,train_g2,0.6543,12304
2026-07-19T23:11:45+00:00,g2_gen5,77567d2fb2a863be,train_g2,0.279878,12299
2026-07-19T23:11:48+00:00,g2_gen5,937fb40ad0ccf01c,train_g2,nan,0
2026-07-19T23:11:51+00:00,g2_gen5,0b9b597be50bd968,train_g2,-0.96882,12307
2026-07-19T23:11:53+00:00,g2_gen5,dc9dc4667508eadc,train_g2,0.606752,12324
2026-07-19T23:11:56+00:00,g2_gen5,657ea891213530c5,train_g2,0.711684,12309
2026-07-19T23:11:58+00:00,g2_gen5,db9a2cebd02c93f4,train_g2,nan,1
2026-07-19T23:12:00+00:00,g2_gen5,16cb208869c65179,train_g2,-7.020374,12297
2026-07-19T23:12:02+00:00,g2_gen5,03b50bf474b72a01,train_g2,-5.254192,12345
2026-07-19T23:12:05+00:00,g2_gen5,52095fb0974b2f73,train_g2,-0.547862,12308
2026-07-19T23:12:07+00:00,g2_gen5,657ea891213530c5,train_g2,0.467542,12309
2026-07-19T23:12:09+00:00,g2_gen5,2aec5e91a60cfb41,train_g2,-0.22119,11727
2026-07-19T23:12:11+00:00,g2_gen5,0b9b597be50bd968,train_g2,-1.439777,12307
2026-07-19T23:12:14+00:00,g2_gen5,358b8b26346d60e1,train_g2,0.539242,12267
2026-07-19T23:12:17+00:00,g2_gen5,41d82f11a1f55461,train_g2,-0.251526,12298
2026-07-19T23:12:19+00:00,g2_gen5,fc86f8032bfe9fe1,train_g2,-1.931926,12344
2026-07-19T23:12:23+00:00,g2_gen5,c7b633a09e7dde97,train_g2,-4.737037,2800
2026-07-19T23:12:27+00:00,g2_gen5,94f6d178651b6c3e,train_g2,-0.260285,12258
2026-07-19T23:12:29+00:00,g2_gen5,41d82f11a1f55461,train_g2,0.478413,12298
2026-07-19T23:12:32+00:00,g2_gen5,52095fb0974b2f73,train_g2,0.571177,12308
2026-07-19T23:12:34+00:00,g2_gen5,03b50bf474b72a01,train_g2,-1.472568,12345
2026-07-19T23:12:39+00:00,g2_gen5,e9d956ed11eebcda,train_g2,-4.846238,12277
2026-07-19T23:14:02+00:00,g2_gen5,29becf01c56b4a94,train_g2,-4.717182,11888
2026-07-19T23:14:10+00:00,g2_gen5,b3015de15ad98dfe,train_g2,-7.865382,9298
2026-07-19T23:14:13+00:00,g2_gen5,937fb40ad0ccf01c,train_g2,nan,0
2026-07-19T23:14:19+00:00,g2_gen5,c46cda2b7e63e87f,train_g2,-8.037904,12329
2026-07-19T23:14:22+00:00,g2_gen5,5dd75841caf9a9bc,train_g2,-4.086083,12356
2026-07-19T23:14:25+00:00,g2_gen5,4a2c24057c113248,train_g2,-6.910362,12338
2026-07-19T23:14:31+00:00,g2_gen5,fe5f4c10ed08f91b,train_g2,-4.881677,12354
2026-07-19T23:14:34+00:00,g2_gen5,52095fb0974b2f73,train_g2,0.655633,12308
2026-07-19T23:14:39+00:00,g2_gen5,358b8b26346d60e1,train_g2,-0.483856,12267
2026-07-19T23:14:43+00:00,g2_gen6,8e666e85d89ff50d,train_g2,0.076914,12328
2026-07-19T23:14:45+00:00,g2_gen6,2f428606100a015a,train_g2,-0.762626,11716
2026-07-19T23:14:47+00:00,g2_gen6,80e7c37e9d86503d,train_g2,-4.784287,12176
2026-07-19T23:14:52+00:00,g2_gen6,b1904fa0cf2c4dc7,train_g2,-0.68567,12266
2026-07-19T23:14:54+00:00,g2_gen6,3e64ad20fddb5bf3,train_g2,0.568648,12309
2026-07-19T23:14:57+00:00,g2_gen6,d137735b20917e56,train_g2,-1.611303,12288
2026-07-19T23:14:59+00:00,g2_gen6,9f3fe4b5f24ad1f6,train_g2,0.640136,12327
2026-07-19T23:15:03+00:00,g2_gen6,1af55c30c0f8b187,train_g2,-6.321982,12329
2026-07-19T23:15:06+00:00,g2_gen6,8e666e85d89ff50d,train_g2,0.583759,12328
2026-07-19T23:15:08+00:00,g2_gen6,3e64ad20fddb5bf3,train_g2,0.499479,12309
2026-07-19T23:15:20+00:00,g2_gen6,d137735b20917e56,train_g2,-3.9028,12288
2026-07-19T23:15:23+00:00,g2_gen6,6252ae8d936ba236,train_g2,-4.966515,12233
2026-07-19T23:15:27+00:00,g2_gen6,b6daafedc090f3b8,train_g2,-6.603827,10166
2026-07-19T23:15:29+00:00,g2_gen6,9c7be2430b0364fe,train_g2,-7.543354,12308
2026-07-19T23:15:31+00:00,g2_gen6,baa3744fdb2df718,train_g2,nan,0
2026-07-19T23:15:33+00:00,g2_gen6,049219b299a94709,train_g2,-7.33668,12341
2026-07-19T23:15:38+00:00,g2_gen6,223507b3bae90516,train_g2,-0.986577,12319
2026-07-19T23:15:40+00:00,g2_gen6,4a3a053e1e22d470,train_g2,-6.056778,12343
2026-07-19T23:15:43+00:00,g2_gen6,06e5d468e92bc87f,train_g2,0.551552,12265
2026-07-19T23:15:46+00:00,g2_gen6,94026e691763a051,train_g2,0.618517,12298
2026-07-19T23:15:48+00:00,g2_gen6,1031a564a5a4cd19,train_g2,-1.80493,12297
2026-07-19T23:15:51+00:00,g2_gen6,5e615105d266d86d,train_g2,-0.300263,12257
2026-07-19T23:15:54+00:00,g2_gen6,6808931fa633a7e9,train_g2,0.701988,12307
2026-07-19T23:15:56+00:00,g2_gen6,bdbc835758f8e41f,train_g2,-3.367764,12335
2026-07-19T23:15:59+00:00,g2_gen6,265a0db17d01e1d2,train_g2,-7.059293,9720
2026-07-19T23:16:01+00:00,g2_gen6,3e64ad20fddb5bf3,train_g2,-0.45436,12309
2026-07-19T23:16:04+00:00,g2_gen6,c6225982749a7dad,train_g2,0.515537,12267
2026-07-19T23:16:07+00:00,g2_gen6,6808931fa633a7e9,train_g2,0.594916,12307
2026-07-19T23:16:10+00:00,g2_gen6,1af55c30c0f8b187,train_g2,-1.703386,12329
2026-07-19T23:16:13+00:00,g2_gen6,e1ceb9b5cab90bb2,train_g2,-1.050697,12331
2026-07-19T23:16:16+00:00,g2_gen6,0d5a5bac3fab9c48,train_g2,-3.036832,10661
2026-07-19T23:16:19+00:00,g2_gen6,223507b3bae90516,train_g2,-0.447145,12319
2026-07-19T23:16:21+00:00,g2_gen6,b155f7a8f5a56c21,train_g2,-6.15486,12337
2026-07-19T23:16:23+00:00,g2_gen6,dbc5b10158b46111,train_g2,-0.29758,11730
2026-07-19T23:16:26+00:00,g2_gen6,c6225982749a7dad,train_g2,-0.237459,12267
2026-07-19T23:16:29+00:00,g2_gen6,8e666e85d89ff50d,train_g2,0.298252,12328
2026-07-19T23:16:33+00:00,g2_gen6,ccb8e1a6b5efef9c,train_g2,-8.642409,12347
2026-07-19T23:16:35+00:00,g2_gen6,1af55c30c0f8b187,train_g2,0.602988,12329
2026-07-19T23:16:39+00:00,g2_gen6,6808931fa633a7e9,train_g2,0.431822,12307
2026-07-19T23:16:42+00:00,g2_gen6,8e666e85d89ff50d,train_g2,-0.075813,12328
2026-07-19T23:16:45+00:00,g2_gen6,0622333b863dea69,train_g2,-4.639374,11895
2026-07-19T23:16:47+00:00,g2_gen7,c94391b14fb4b4bc,train_g2,0.670227,12297
2026-07-19T23:16:50+00:00,g2_gen7,f13ad6dc6b837b7e,train_g2,0.497692,12262
2026-07-19T23:16:53+00:00,g2_gen7,faff6c1b29fc6ceb,train_g2,-1.32027,12331
2026-07-19T23:16:56+00:00,g2_gen7,626586519fda4a43,train_g2,-0.467622,12263
2026-07-19T23:16:59+00:00,g2_gen7,2aeb76116c961912,train_g2,-2.095512,12295
2026-07-19T23:17:01+00:00,g2_gen7,3f1e4da1d9636422,train_g2,nan,0
2026-07-19T23:17:04+00:00,g2_gen7,aef0d8c98ce08c76,train_g2,-3.088257,12338
2026-07-19T23:17:07+00:00,g2_gen7,d06b397de89b09c1,train_g2,0.54181,12319
2026-07-19T23:17:13+00:00,g2_gen7,3f1e4da1d9636422,train_g2,nan,0
2026-07-19T23:17:17+00:00,g2_gen7,296032a28271c044,train_g2,-5.252861,12316
2026-07-19T23:17:20+00:00,g2_gen7,92892f14c366c63f,train_g2,-6.042702,12354
2026-07-19T23:17:22+00:00,g2_gen7,866b354daa827857,train_g2,-0.723368,12324
2026-07-19T23:17:25+00:00,g2_gen7,379d50dcb91856b9,train_g2,-8.447128,10247
2026-07-19T23:17:30+00:00,g2_gen7,d0c6c6c9bfc2b5dd,train_g2,-1.76155,12350
2026-07-19T23:17:33+00:00,g2_gen7,07b89b37395054f4,train_g2,-4.510687,12093
2026-07-19T23:17:36+00:00,g2_gen7,67b060b1d7f6a77e,train_g2,-0.765725,11701
2026-07-19T23:17:39+00:00,g2_gen7,f47ac68d34f6bcd7,train_g2,-1.105168,9304
2026-07-19T23:17:41+00:00,g2_gen7,d774d0efbee16e8e,train_g2,0.31403,12267
2026-07-19T23:17:44+00:00,g2_gen7,c94391b14fb4b4bc,train_g2,-6.472212,12297
2026-07-19T23:17:47+00:00,g2_gen7,49acab170429716a,train_g2,0.649816,12309
2026-07-19T23:17:49+00:00,g2_gen7,866b354daa827857,train_g2,0.61454,12324
2026-07-19T23:17:53+00:00,g2_gen7,992c76230f44015e,train_g2,-0.759255,12322
2026-07-19T23:17:57+00:00,g2_gen7,626586519fda4a43,train_g2,-0.804037,12263
2026-07-19T23:18:00+00:00,g2_gen7,c1268cf0518e028a,train_g2,0.589773,12300
2026-07-19T23:18:02+00:00,g2_gen7,e74afcc71bd4ac8e,train_g2,0.603366,12308
2026-07-19T23:18:05+00:00,g2_gen7,d82773d2008b8b80,train_g2,0.520779,12328
2026-07-19T23:18:08+00:00,g2_gen7,3f1e4da1d9636422,train_g2,nan,0
2026-07-19T23:18:11+00:00,g2_gen7,dfc3e9726462c459,train_g2,-0.948287,12301
2026-07-19T23:18:13+00:00,g2_gen7,3295506ecfe7f5d3,train_g2,0.374618,12298
2026-07-19T23:18:16+00:00,g2_gen7,a9f3017d6eae4808,train_g2,-0.636232,12323
2026-07-19T23:18:18+00:00,g2_gen7,c94391b14fb4b4bc,train_g2,-6.852335,12297
2026-07-19T23:18:21+00:00,g2_gen7,5fbf3383987f3265,train_g2,-0.323524,12320
2026-07-19T23:18:24+00:00,g2_gen7,d8e674dae035e64f,train_g2,0.504798,12299
2026-07-19T23:47:45+00:00,B002,a34faaa5900ce904,train_val,0.507207,13616
2026-07-19T23:47:48+00:00,B002,b8b3f4837f6e606f,val_cost25,-2.308846,13616
2026-07-19T23:47:52+00:00,B003,ff67a4330cab3843,train_val,-0.482077,12600
2026-07-19T23:47:55+00:00,B003,cc75e81b0aaf9ed0,val_cost25,-1.536546,12600
2026-07-19T23:48:09+00:00,C001,12d7c0981d25ec79,train_val,-0.098728,13473
2026-07-19T23:48:12+00:00,C001,127cfe695a850d11,val_cost25,-2.846607,13473
2026-07-19T23:49:16+00:00,C001_p_MIN_SPIKES_0.75,c46348c1c3f02057,val_perturb,-0.081895,13510
2026-07-19T23:49:24+00:00,C001_p_MIN_SPIKES_1.25,7a087641653b4cf2,val_perturb,-0.103526,13469
2026-07-19T23:49:30+00:00,C001_p_POST_DAYS_0.75,068bc43cde680c76,val_perturb,-0.093244,13474
2026-07-19T23:49:38+00:00,C001_p_POST_DAYS_1.25,d7f7a08a303b4dec,val_perturb,-0.080839,13472
2026-07-19T23:49:45+00:00,C001_p_SPIKE_Z_0.75,a8fce2b47bc1cb2f,val_perturb,-0.074857,13510
2026-07-19T23:49:51+00:00,C001_p_SPIKE_Z_1.25,0d1305f3aa1abec6,val_perturb,-0.061126,13449
2026-07-19T23:49:57+00:00,C001_p_WINDOW_0.75,7c7000b1f2566c52,val_perturb,-0.135824,13473
2026-07-19T23:50:04+00:00,C001_p_WINDOW_1.25,00f30ff117ea9ee7,val_perturb,-0.061824,13473
2026-07-19T23:50:15+00:00,C002,38e859051b3aa2bb,train_val,0.159613,5829
2026-07-19T23:50:18+00:00,C002,c39f3ba83758fa6b,val_cost25,-2.041516,5829
2026-07-19T23:50:26+00:00,C003,d7e61f3d220b6bb0,train_val,-1.168237,12920
2026-07-19T23:50:29+00:00,C003,fef9acbd9918beae,val_cost25,-2.858666,12920
2026-07-19T23:50:38+00:00,C003_p_EPISODE_Z_0.75,d961320d32a6f817,val_perturb,-0.629,13432
2026-07-19T23:50:46+00:00,C003_p_EPISODE_Z_1.25,f4a02d1fe992c9b3,val_perturb,-0.896679,11070
2026-07-19T23:50:54+00:00,C003_p_LOOKBACK_0.75,0dc1883b0c1ae790,val_perturb,-1.049594,12717
2026-07-19T23:51:03+00:00,C003_p_LOOKBACK_1.25,9ecce78dd90e37da,val_perturb,-1.016164,13048
2026-07-19T23:51:07+00:00,C004,6ab3c9c88d74781d,train_val,0.402396,13612
2026-07-19T23:51:10+00:00,C004,51fd04a3770f6117,val_cost25,-2.099474,13612
2026-07-19T23:51:15+00:00,C005,4a2170e0a6331023,train_val,-1.514347,13555
2026-07-19T23:51:17+00:00,C005,0dbe6efea28870ad,val_cost25,-6.447424,13555
2026-07-19T23:51:21+00:00,C006,8ba32faa488a7fc3,train_val,0.394353,13615
2026-07-19T23:51:24+00:00,C006,2cf9d4913457b44f,val_cost25,-2.145045,13615
2026-07-19T23:51:26+00:00,C007,1afdc3c79b7fc3eb,train_val,-2.292417,13609
2026-07-19T23:51:28+00:00,C007,e566da04101f457c,val_cost25,-6.358785,13609
2026-07-19T23:51:31+00:00,C007_p_BAND_LAG_0.75,03e469a4ffb9e380,val_perturb,-1.894007,13611
2026-07-19T23:51:34+00:00,C007_p_BAND_LAG_1.25,94804d305851f20d,val_perturb,-2.63426,13607
2026-07-19T23:51:36+00:00,C007_p_BAND_LEN_0.75,c0104e8e33d292ed,val_perturb,-4.113951,13610
2026-07-19T23:51:39+00:00,C007_p_BAND_LEN_1.25,287f241701b25614,val_perturb,-2.266691,13608
2026-07-19T23:51:43+00:00,C008,502d44855834ee8b,train_val,-2.094414,11120
2026-07-19T23:51:46+00:00,C008,2eb74ab5c7c5ee10,val_cost25,-5.023926,11120
2026-07-19T23:51:50+00:00,C008_p_SMOOTH_0.75,60c89c12d2337e94,val_perturb,-4.09197,10984
2026-07-19T23:51:54+00:00,C008_p_SMOOTH_1.25,9459583ee14c4b0a,val_perturb,-1.847138,11232
2026-07-19T23:51:57+00:00,C009,b423bcf5c2eb7d85,train_val,-4.573715,6286
2026-07-19T23:51:59+00:00,C009,565e53ae7d1017c9,val_cost25,-11.066533,6286
2026-07-19T23:52:04+00:00,C010,d1d2da509c3e8cdf,train_val,0.683965,13567
2026-07-19T23:52:06+00:00,C010,66f7ef4af8d50fee,val_cost25,0.501918,13567
2026-07-19T23:52:10+00:00,C011,a77483cda860dd7b,train_val,0.543599,13586
2026-07-19T23:52:13+00:00,C011,f95e4498e348d0c3,val_cost25,-0.722503,13586
2026-07-19T23:52:17+00:00,C012,d21eb963e7a9abf2,train_val,0.540747,13596
2026-07-19T23:52:19+00:00,C012,6073573d275e14d7,val_cost25,-0.734108,13596
2026-07-19T23:56:02+00:00,g2_gen0,02c56cda151b0f9c,train_g2_equities5,-2.550081,12297
2026-07-19T23:56:04+00:00,g2_gen0,02c56cda151b0f9c,train_g2_equities5,-2.874974,12297
2026-07-19T23:56:06+00:00,g2_gen0,f9b6a53ccdd5bfc9,train_g2_equities5,-1.460678,10863
2026-07-19T23:56:08+00:00,g2_gen0,f7e893ec846ab01b,train_g2_equities5,-4.533933,12358
2026-07-19T23:56:11+00:00,g2_gen0,2fdb343f878a6622,train_g2_equities5,nan,0
2026-07-19T23:56:13+00:00,g2_gen0,ce38a9bcabe276cb,train_g2_equities5,-2.553018,12356
2026-07-19T23:56:15+00:00,g2_gen0,09d51de5e3c83344,train_g2_equities5,-0.81264,12278
2026-07-19T23:56:19+00:00,g2_gen0,dd9e42b257451c42,train_g2_equities5,-4.456743,12349
2026-07-19T23:56:22+00:00,g2_gen0,02c56cda151b0f9c,train_g2_equities5,-2.888275,12297
2026-07-19T23:56:25+00:00,g2_gen0,f7e893ec846ab01b,train_g2_equities5,-4.608756,12358
2026-07-19T23:56:29+00:00,g2_gen0,2fdb343f878a6622,train_g2_equities5,nan,0
2026-07-19T23:56:34+00:00,g2_gen0,56d73b7ce7c54984,train_g2_equities5,0.50166,12267
2026-07-19T23:56:36+00:00,g2_gen0,02c56cda151b0f9c,train_g2_equities5,-0.741969,12297
2026-07-19T23:56:38+00:00,g2_gen0,c0bf7b49f4f204a0,train_g2_equities5,nan,10
2026-07-19T23:56:40+00:00,g2_gen0,b3f4b8c835bfbff6,train_g2_equities5,-3.067056,12354
2026-07-19T23:56:42+00:00,g2_gen0,2fdb343f878a6622,train_g2_equities5,nan,0
2026-07-19T23:56:45+00:00,g2_gen0,ef24c16757e79f87,train_g2_equities5,-2.890374,12343
2026-07-19T23:56:49+00:00,g2_gen0,02c56cda151b0f9c,train_g2_equities5,-0.467852,12297
2026-07-19T23:56:51+00:00,g2_gen0,f7b98123b20acb2c,train_g2_equities5,-2.555184,11521
2026-07-19T23:56:54+00:00,g2_gen0,2fdb343f878a6622,train_g2_equities5,nan,0
2026-07-19T23:56:58+00:00,g2_gen0,deb6168b3d4a5f76,train_g2_equities5,-1.055341,246
2026-07-19T23:57:01+00:00,g2_gen0,b45babc64931089b,train_g2_equities5,-5.348703,12352
2026-07-19T23:57:04+00:00,g2_gen0,9da75f74cad2ea42,train_g2_equities5,-3.885274,12346
2026-07-19T23:57:06+00:00,g2_gen0,9c1abcd8e60348bd,train_g2_equities5,0.003162,12338
2026-07-19T23:57:09+00:00,g2_gen0,02c56cda151b0f9c,train_g2_equities5,-2.692515,12297
2026-07-19T23:57:14+00:00,g2_gen0,2fdb343f878a6622,train_g2_equities5,nan,0
2026-07-19T23:57:17+00:00,g2_gen0,d86b2281825f5616,train_g2_equities5,-2.147753,12357
2026-07-19T23:57:19+00:00,g2_gen0,119c6008a0ad98bd,train_g2_equities5,0.661194,12324
2026-07-19T23:57:23+00:00,g2_gen0,263f1922dd8e9482,train_g2_equities5,-0.866509,12292
2026-07-19T23:57:25+00:00,g2_gen0,9c1abcd8e60348bd,train_g2_equities5,-1.654092,12338
2026-07-19T23:57:28+00:00,g2_gen0,f4293c113f7d3137,train_g2_equities5,-1.54596,12341
2026-07-19T23:57:34+00:00,g2_gen0,02c56cda151b0f9c,train_g2_equities5,-2.620855,12297
2026-07-19T23:57:37+00:00,g2_gen0,02c56cda151b0f9c,train_g2_equities5,-0.741969,12297
2026-07-19T23:57:39+00:00,g2_gen0,99d939d50c2d6c8b,train_g2_equities5,0.067645,12293
2026-07-19T23:57:42+00:00,g2_gen0,cfd869a99edf1619,train_g2_equities5,-2.661845,3573
2026-07-19T23:57:44+00:00,g2_gen0,cca3bf3a73f18d38,train_g2_equities5,-4.395935,12359
2026-07-19T23:57:47+00:00,g2_gen0,2fdb343f878a6622,train_g2_equities5,nan,0
2026-07-19T23:57:49+00:00,g2_gen0,f646a39fe0f61b62,train_g2_equities5,-4.173732,7880
2026-07-19T23:57:51+00:00,g2_gen0,1e0d3b63b2aaba2b,train_g2_equities5,-0.989789,12276
2026-07-19T23:57:55+00:00,g2_gen0,14f13acb234579ce,train_g2_equities5,-1.003649,12200
2026-07-19T23:57:58+00:00,g2_gen0,b3f4b8c835bfbff6,train_g2_equities5,-2.185586,12354
2026-07-19T23:58:00+00:00,g2_gen0,7dff7678c7ef9d84,train_g2_equities5,-0.12114,8006
2026-07-19T23:58:05+00:00,g2_gen0,910cc67266383de9,train_g2_equities5,-3.685789,12340
2026-07-19T23:58:07+00:00,g2_gen0,b3f4b8c835bfbff6,train_g2_equities5,1.087363,12354
2026-07-19T23:58:11+00:00,g2_gen0,e028c210638d1d62,train_g2_equities5,-1.417792,12335
2026-07-19T23:58:15+00:00,g2_gen0,2674ea8b93a8e54e,train_g2_equities5,-0.729862,12290
2026-07-19T23:58:17+00:00,g2_gen0,f7e893ec846ab01b,train_g2_equities5,0.662984,12358
2026-07-19T23:58:20+00:00,g2_gen0,b3f4b8c835bfbff6,train_g2_equities5,-1.297295,12354
2026-07-19T23:58:22+00:00,g2_gen0,46045a98562e5cfd,train_g2_equities5,0.258011,12313
2026-07-19T23:58:25+00:00,g2_gen0,2195f5acd4977b8c,train_g2_equities5,-4.167778,12337
2026-07-19T23:58:27+00:00,g2_gen0,81bccba55f8830ab,train_g2_equities5,-2.397973,12328
2026-07-19T23:58:30+00:00,g2_gen0,9c1abcd8e60348bd,train_g2_equities5,-3.55475,12338
2026-07-19T23:58:32+00:00,g2_gen0,2fdb343f878a6622,train_g2_equities5,nan,0
2026-07-19T23:58:34+00:00,g2_gen0,81bccba55f8830ab,train_g2_equities5,-0.647342,12328
2026-07-19T23:58:37+00:00,g2_gen0,02c56cda151b0f9c,train_g2_equities5,-2.325145,12297
2026-07-19T23:58:40+00:00,g2_gen0,93c88e39a1b3a5c9,train_g2_equities5,-1.708294,12345
2026-07-19T23:58:42+00:00,g2_gen0,6ed205d6aba62a41,train_g2_equities5,-1.88899,12288
2026-07-19T23:58:45+00:00,g2_gen0,aa6858c7fa0aeabc,train_g2_equities5,0.168115,6683
2026-07-19T23:58:47+00:00,g2_gen0,46045a98562e5cfd,train_g2_equities5,0.649427,12313
2026-07-19T23:58:49+00:00,g2_gen0,eaf59440fd3cb891,train_g2_equities5,-0.290849,12308
2026-07-19T23:58:52+00:00,g2_gen0,d327035e8eee3ac1,train_g2_equities5,-1.693708,11543
2026-07-19T23:58:55+00:00,g2_gen0,62b50ab53fa8a037,train_g2_equities5,-1.661969,12284
2026-07-19T23:58:58+00:00,g2_gen0,8dffa7dd38ac625c,train_g2_equities5,-0.822393,12329
2026-07-19T23:59:00+00:00,g2_gen0,b3f4b8c835bfbff6,train_g2_equities5,-2.874027,12354
2026-07-19T23:59:03+00:00,g2_gen0,2fdb343f878a6622,train_g2_equities5,nan,0
2026-07-19T23:59:06+00:00,g2_gen0,2fdb343f878a6622,train_g2_equities5,nan,0
2026-07-19T23:59:08+00:00,g2_gen0,bf87f4865ca44f4a,train_g2_equities5,-2.538656,11534
2026-07-19T23:59:10+00:00,g2_gen0,0b643c915e09ed8c,train_g2_equities5,-1.751315,12317
2026-07-19T23:59:15+00:00,g2_gen0,02c56cda151b0f9c,train_g2_equities5,-1.039415,12297
2026-07-19T23:59:18+00:00,g2_gen0,dd74249b80a70838,train_g2_equities5,-1.850264,11377
2026-07-19T23:59:20+00:00,g2_gen0,d86b2281825f5616,train_g2_equities5,-1.275951,12357
2026-07-19T23:59:23+00:00,g2_gen0,532fff63a0de14f9,train_g2_equities5,-2.66988,12353
2026-07-19T23:59:25+00:00,g2_gen0,81bccba55f8830ab,train_g2_equities5,-1.411604,12328
2026-07-19T23:59:30+00:00,g2_gen0,2c9dbfbea8e8ef5d,train_g2_equities5,-0.741432,12299
2026-07-19T23:59:32+00:00,g2_gen0,37e780e1178a54b9,train_g2_equities5,-3.25904,11553
2026-07-19T23:59:34+00:00,g2_gen0,46045a98562e5cfd,train_g2_equities5,0.395035,12313
2026-07-19T23:59:37+00:00,g2_gen0,532fff63a0de14f9,train_g2_equities5,-0.756862,12353
2026-07-19T23:59:39+00:00,g2_gen0,532fff63a0de14f9,train_g2_equities5,-2.133493,12353
2026-07-19T23:59:42+00:00,g2_gen0,02c56cda151b0f9c,train_g2_equities5,-0.296593,12297
2026-07-19T23:59:45+00:00,g2_gen0,d86b2281825f5616,train_g2_equities5,-2.71669,12357
2026-07-19T23:59:48+00:00,g2_gen0,9c1abcd8e60348bd,train_g2_equities5,-2.97151,12338
2026-07-19T23:59:51+00:00,g2_gen0,263f1922dd8e9482,train_g2_equities5,-1.22962,12292
2026-07-19T23:59:56+00:00,g2_gen0,b45babc64931089b,train_g2_equities5,-2.518002,12352
2026-07-19T23:59:58+00:00,g2_gen0,239a301103758221,train_g2_equities5,-3.059995,10905
2026-07-20T00:00:02+00:00,g2_gen0,a4f851cb8f300132,train_g2_equities5,-1.04767,12148
2026-07-20T00:00:05+00:00,g2_gen0,6823ec9e93ee9f32,train_g2_equities5,-3.367731,12272
2026-07-20T00:00:09+00:00,g2_gen0,f7e893ec846ab01b,train_g2_equities5,0.288311,12358
2026-07-20T00:00:11+00:00,g2_gen0,dfeaa9db7eafa7fa,train_g2_equities5,-0.311973,11720
2026-07-20T00:00:13+00:00,g2_gen0,93c88e39a1b3a5c9,train_g2_equities5,0.368272,12345
2026-07-20T00:00:16+00:00,g2_gen0,8dffa7dd38ac625c,train_g2_equities5,-0.864499,12329
2026-07-20T00:00:19+00:00,g2_gen1,c09dec70516cf6f5,train_g2_equities5,-0.110645,12308
2026-07-20T00:00:21+00:00,g2_gen1,c2a8d532ab158641,train_g2_equities5,nan,0
2026-07-20T00:00:23+00:00,g2_gen1,e6b78bb948cc0ede,train_g2_equities5,0.446748,12348
2026-07-20T00:00:26+00:00,g2_gen1,e05ef5628c27c022,train_g2_equities5,-0.30098,12329
2026-07-20T00:00:31+00:00,g2_gen1,d5e70f3eef99e35e,train_g2_equities5,-3.895289,12258
2026-07-20T00:00:34+00:00,g2_gen1,6d7019863e008f3c,train_g2_equities5,0.832734,12337
2026-07-20T00:00:36+00:00,g2_gen1,d5c6812b352482ea,train_g2_equities5,-2.700352,12338
2026-07-20T00:00:39+00:00,g2_gen1,88055f3ccb8c15c5,train_g2_equities5,-1.388223,12303
2026-07-20T00:00:42+00:00,g2_gen1,5fa04099cfd8563c,train_g2_equities5,-0.759745,12340
2026-07-20T00:00:46+00:00,g2_gen1,3f7082e1afc3887b,train_g2_equities5,0.111338,12299
2026-07-20T00:00:50+00:00,g2_gen1,c866d1e4216063d3,train_g2_equities5,-2.737432,12297
2026-07-20T00:00:52+00:00,g2_gen1,6691874c981ec3c7,train_g2_equities5,-2.784798,12356
2026-07-20T00:00:56+00:00,g2_gen1,c866d1e4216063d3,train_g2_equities5,-1.250498,12297
2026-07-20T00:00:59+00:00,g2_gen1,9676851808a62491,train_g2_equities5,-1.220157,12267
2026-07-20T00:01:02+00:00,g2_gen1,d5c6812b352482ea,train_g2_equities5,-1.058596,12338
2026-07-20T00:01:04+00:00,g2_gen1,e05ef5628c27c022,train_g2_equities5,-1.780239,12329
2026-07-20T00:01:07+00:00,g2_gen1,9676851808a62491,train_g2_equities5,-1.498253,12267
2026-07-20T00:01:10+00:00,g2_gen1,d84e927a5fab4696,train_g2_equities5,-1.125378,12283
2026-07-20T00:01:13+00:00,g2_gen1,85cfeac19c85acf3,train_g2_equities5,-2.895474,12332
2026-07-20T00:01:49+00:00,g2_gen1,6d7019863e008f3c,train_g2_equities5,0.000788,12337
2026-07-20T00:02:01+00:00,g2_gen1,d5c6812b352482ea,train_g2_equities5,0.155062,12338
2026-07-20T00:02:18+00:00,g2_gen1,530c3c45d50430e2,train_g2_equities5,-0.279558,12324
2026-07-20T00:02:23+00:00,g2_gen1,0cc12690756a2d5e,train_g2_equities5,0.565246,12311
2026-07-20T00:02:30+00:00,g2_gen1,d5c6812b352482ea,train_g2_equities5,-1.647617,12338
2026-07-20T00:02:33+00:00,g2_gen1,e05ef5628c27c022,train_g2_equities5,-0.305083,12329
2026-07-20T00:02:35+00:00,g2_gen1,c09dec70516cf6f5,train_g2_equities5,-0.167414,12308
2026-07-20T00:02:49+00:00,g2_gen1,07553cf3db46d5c2,train_g2_equities5,-2.854787,12358
2026-07-20T00:02:54+00:00,g2_gen1,6085d302f1090e0c,train_g2_equities5,0.67195,12359
2026-07-20T00:02:58+00:00,g2_gen1,9745c12bde9d5bb3,train_g2_equities5,0.529703,12349
2026-07-20T00:03:04+00:00,g2_gen1,07553cf3db46d5c2,train_g2_equities5,0.310155,12358
2026-07-20T00:03:37+00:00,g2_gen1,c2a8d532ab158641,train_g2_equities5,nan,0
2026-07-20T00:03:39+00:00,g2_gen1,d5c6812b352482ea,train_g2_equities5,0.037264,12338
2026-07-20T00:03:49+00:00,g2_gen1,c2a8d532ab158641,train_g2_equities5,nan,0
2026-07-20T00:03:55+00:00,g2_gen1,2abba10adbb4eac5,train_g2_equities5,-1.318224,12296
2026-07-20T00:03:58+00:00,g2_gen1,29f3fce96e00af44,train_g2_equities5,-0.504129,12313
2026-07-20T00:04:01+00:00,g2_gen1,00c3002c31b7c242,train_g2_equities5,0.668097,12320
2026-07-20T00:04:04+00:00,g2_gen1,3f7082e1afc3887b,train_g2_equities5,-0.433317,12299
2026-07-20T00:04:07+00:00,g2_gen1,ac16280b3fa4b447,train_g2_equities5,0.074937,12334
2026-07-20T00:04:10+00:00,g2_gen1,1f2dee0406e83bd1,train_g2_equities5,-2.0872,12344
2026-07-20T00:04:13+00:00,g2_gen1,1b84ee1d85bffee7,train_g2_equities5,0.216323,12345
2026-07-20T00:04:17+00:00,g2_gen1,9745c12bde9d5bb3,train_g2_equities5,-1.208955,12349
2026-07-20T00:04:20+00:00,g2_gen1,2f5e2df030cdfcad,train_g2_equities5,-0.914178,12327
2026-07-20T00:04:23+00:00,g2_gen1,2f5e2df030cdfcad,train_g2_equities5,0.595959,12327
2026-07-20T00:04:26+00:00,g2_gen1,0ab62737a574a3f5,train_g2_equities5,-0.069512,12353
2026-07-20T00:04:29+00:00,g2_gen1,c8c76580243cfa71,train_g2_equities5,-0.425211,12011
2026-07-20T00:04:31+00:00,g2_gen1,c866d1e4216063d3,train_g2_equities5,-0.487632,12297
2026-07-20T00:04:34+00:00,g2_gen1,c2a8d532ab158641,train_g2_equities5,nan,0
2026-07-20T00:04:38+00:00,g2_gen1,b7b70b222eb81909,train_g2_equities5,-2.537462,12352
2026-07-20T00:04:41+00:00,g2_gen1,7999ce06063d35b7,train_g2_equities5,-4.329531,9441
2026-07-20T00:04:44+00:00,g2_gen1,6df772924e33496a,train_g2_equities5,-1.702408,12350
2026-07-20T00:04:46+00:00,g2_gen1,d5c6812b352482ea,train_g2_equities5,-1.976912,12338
2026-07-20T00:04:49+00:00,g2_gen1,a0671be314271b88,train_g2_equities5,-0.911955,11733
2026-07-20T00:04:52+00:00,g2_gen1,33dc9cb88d05d606,train_g2_equities5,-0.673329,9592
2026-07-20T00:04:54+00:00,g2_gen1,9676851808a62491,train_g2_equities5,0.348191,12267
2026-07-20T00:04:57+00:00,g2_gen1,a83b3533a83312be,train_g2_equities5,-0.959471,11718
2026-07-20T00:04:59+00:00,g2_gen1,e05ef5628c27c022,train_g2_equities5,0.188372,12329
2026-07-20T00:05:03+00:00,g2_gen1,7d0a6970cef3ff40,train_g2_equities5,-0.354125,12328
2026-07-20T00:05:05+00:00,g2_gen1,07553cf3db46d5c2,train_g2_equities5,-4.533933,12358
2026-07-20T00:05:09+00:00,g2_gen1,bd3ee8cbc9413055,train_g2_equities5,-3.284274,12322
2026-07-20T00:05:12+00:00,g2_gen2,936f84bdf2ac714c,train_g2_equities5,0.724191,12328
2026-07-20T00:05:14+00:00,g2_gen2,63d0bad3cdd6f896,train_g2_equities5,0.639133,12307
2026-07-20T00:05:16+00:00,g2_gen2,f23f751f4347e2de,train_g2_equities5,-0.542076,12324
2026-07-20T00:05:19+00:00,g2_gen2,408fac88acbe4438,train_g2_equities5,-0.721946,12313
2026-07-20T00:05:23+00:00,g2_gen2,9d44470f49c08dfd,train_g2_equities5,-0.449026,12292
2026-07-20T00:05:26+00:00,g2_gen2,00dec2b90ea411b0,train_g2_equities5,0.400229,12311
2026-07-20T00:05:30+00:00,g2_gen2,100d5f81d51b486b,train_g2_equities5,0.398761,12329
2026-07-20T00:05:32+00:00,g2_gen2,daa54b097b6be43b,train_g2_equities5,0.608834,12312
2026-07-20T00:05:36+00:00,g2_gen2,b63a054ce71354cc,train_g2_equities5,-1.099186,7872
2026-07-20T00:05:38+00:00,g2_gen2,ada7416ffe4e543d,train_g2_equities5,-3.324636,5760
2026-07-20T00:05:40+00:00,g2_gen2,936f84bdf2ac714c,train_g2_equities5,0.594744,12328
2026-07-20T00:05:42+00:00,g2_gen2,ddf612a98ada48c3,train_g2_equities5,nan,0
2026-07-20T00:05:45+00:00,g2_gen2,53e0696a3de3cacb,train_g2_equities5,-0.846188,9304
2026-07-20T00:05:48+00:00,g2_gen2,a608b75c4f7d2b91,train_g2_equities5,-0.726979,11734
2026-07-20T00:05:50+00:00,g2_gen2,936f84bdf2ac714c,train_g2_equities5,0.684782,12328
2026-07-20T00:05:53+00:00,g2_gen2,812b9963042269db,train_g2_equities5,-2.658533,12358
2026-07-20T00:05:56+00:00,g2_gen2,b14f08a03e963f0a,train_g2_equities5,-1.413964,12331
2026-07-20T00:05:59+00:00,g2_gen2,ddf612a98ada48c3,train_g2_equities5,nan,0
2026-07-20T00:06:02+00:00,g2_gen2,38d32687403260dc,train_g2_equities5,-1.221312,12353
2026-07-20T00:06:04+00:00,g2_gen2,40d091f947c8c772,train_g2_equities5,-3.067056,12354
2026-07-20T00:06:09+00:00,g2_gen2,ace457fec9998bf4,train_g2_equities5,-2.318489,12338
2026-07-20T00:06:12+00:00,g2_gen2,d801565d3a0a6f99,train_g2_equities5,-2.965443,12352
2026-07-20T00:06:15+00:00,g2_gen2,40d091f947c8c772,train_g2_equities5,0.388581,12354
2026-07-20T00:06:21+00:00,g2_gen2,ac6cd200068640b8,train_g2_equities5,-1.890714,11664
2026-07-20T00:06:25+00:00,g2_gen2,b40705611fb209a8,train_g2_equities5,-1.463327,12348
2026-07-20T00:06:29+00:00,g2_gen2,2093313dbf20b09f,train_g2_equities5,0.891761,12345
2026-07-20T00:06:37+00:00,g2_gen2,812b9963042269db,train_g2_equities5,0.65091,12358
2026-07-20T00:06:43+00:00,g2_gen2,e02071d3dde710a5,train_g2_equities5,0.176395,12267
2026-07-20T00:06:47+00:00,g2_gen2,ed2ff7d3b31e90a1,train_g2_equities5,-0.853943,11723
2026-07-20T00:06:59+00:00,g2_gen2,54be8a792a3e65a3,train_g2_equities5,-0.648701,12314
2026-07-20T00:07:05+00:00,g2_gen2,e02071d3dde710a5,train_g2_equities5,0.5485,12267
2026-07-20T00:07:07+00:00,g2_gen2,7b5aa0b3f6a8d413,train_g2_equities5,-0.168447,12308
2026-07-20T00:07:10+00:00,g2_gen2,f8c55aeba5830f9a,train_g2_equities5,0.492086,12344
2026-07-20T00:07:16+00:00,g2_gen2,e02071d3dde710a5,train_g2_equities5,-0.265117,12267
2026-07-20T00:07:21+00:00,g2_gen2,e02071d3dde710a5,train_g2_equities5,0.772495,12267
2026-07-20T00:07:25+00:00,g2_gen2,aed160b7d3db2cc3,train_g2_equities5,-2.966293,12246
2026-07-20T00:07:28+00:00,g2_gen2,e2642bcdfce54dbe,train_g2_equities5,-2.942583,12276
2026-07-20T00:07:31+00:00,g2_gen2,ace457fec9998bf4,train_g2_equities5,-1.643738,12338
2026-07-20T00:07:37+00:00,g2_gen2,e02071d3dde710a5,train_g2_equities5,-0.227552,12267
2026-07-20T00:07:40+00:00,g2_gen2,810e31bfc54ccc8c,train_g2_equities5,0.211702,12349
2026-07-20T00:07:42+00:00,g2_gen2,81304279d823a7b9,train_g2_equities5,-2.348822,12297
2026-07-20T00:07:45+00:00,g2_gen2,408fac88acbe4438,train_g2_equities5,0.596822,12313
2026-07-20T00:07:47+00:00,g2_gen2,76c2feed7e8938be,train_g2_equities5,-0.2831,11719
2026-07-20T00:07:49+00:00,g2_gen2,00dec2b90ea411b0,train_g2_equities5,-1.38454,12311
2026-07-20T00:07:52+00:00,g2_gen2,40d091f947c8c772,train_g2_equities5,0.665332,12354
2026-07-20T00:07:56+00:00,g2_gen2,e02071d3dde710a5,train_g2_equities5,-0.293056,12267
2026-07-20T00:07:59+00:00,g2_gen2,126b470372991aa2,train_g2_equities5,-2.448053,12208
2026-07-20T00:08:01+00:00,g2_gen2,ddf612a98ada48c3,train_g2_equities5,nan,0
2026-07-20T00:08:04+00:00,g2_gen2,6838fb1048e8adba,train_g2_equities5,0.601874,12323
2026-07-20T00:08:06+00:00,g2_gen2,362f8039b7d18330,train_g2_equities5,-0.573941,11451
2026-07-20T00:08:09+00:00,g2_gen2,ddf612a98ada48c3,train_g2_equities5,nan,0
2026-07-20T00:08:12+00:00,g2_gen2,305a36b236172a96,train_g2_equities5,-0.650971,12327
2026-07-20T00:08:17+00:00,g2_gen2,e02071d3dde710a5,train_g2_equities5,-1.895936,12267
2026-07-20T00:08:19+00:00,g2_gen2,4cdcde202f417100,train_g2_equities5,-0.024085,11733
2026-07-20T00:08:22+00:00,g2_gen2,8d2832dc8d4dd2b4,train_g2_equities5,-1.130428,12346
2026-07-20T00:08:25+00:00,g2_gen2,ddf612a98ada48c3,train_g2_equities5,nan,0
2026-07-20T00:08:28+00:00,g2_gen2,f23f751f4347e2de,train_g2_equities5,0.653605,12324
2026-07-20T00:08:30+00:00,g2_gen2,6f3d34899d42ff20,train_g2_equities5,0.170633,12350
2026-07-20T00:08:32+00:00,g2_gen2,2214896c225e5a2f,train_g2_equities5,-1.655968,12293
2026-07-20T00:08:39+00:00,g2_gen2,e02071d3dde710a5,train_g2_equities5,-0.101787,12267
2026-07-20T00:08:42+00:00,g2_gen2,7b5aa0b3f6a8d413,train_g2_equities5,0.629449,12308
2026-07-20T00:08:44+00:00,g2_gen2,812b9963042269db,train_g2_equities5,-0.598949,12358
2026-07-20T00:08:50+00:00,g2_gen2,e02071d3dde710a5,train_g2_equities5,0.373982,12267
2026-07-20T00:08:53+00:00,g2_gen2,810e31bfc54ccc8c,train_g2_equities5,-0.823074,12349
2026-07-20T00:08:58+00:00,g2_gen2,e02071d3dde710a5,train_g2_equities5,0.531995,12267
2026-07-20T00:09:00+00:00,g2_gen2,936f84bdf2ac714c,train_g2_equities5,0.132798,12328
2026-07-20T00:09:03+00:00,g2_gen2,408fac88acbe4438,train_g2_equities5,-0.424613,12313
2026-07-20T00:09:07+00:00,g2_gen2,ddf612a98ada48c3,train_g2_equities5,nan,0
2026-07-20T00:09:09+00:00,g2_gen2,812b9963042269db,train_g2_equities5,-2.580666,12358
2026-07-20T00:09:12+00:00,g2_gen3,73929c91af1cfcd3,train_g2_equities5,-0.062621,12297
2026-07-20T00:09:17+00:00,g2_gen3,327e512fb0d35d71,train_g2_equities5,0.861748,12329
2026-07-20T00:09:23+00:00,g2_gen3,610995da8b16904f,train_g2_equities5,-1.462992,12338
2026-07-20T00:09:26+00:00,g2_gen3,881d4b7021f09b92,train_g2_equities5,0.258011,12313
2026-07-20T00:09:28+00:00,g2_gen3,56b45830941be1b5,train_g2_equities5,-1.099186,7872
2026-07-20T00:09:32+00:00,g2_gen3,881d4b7021f09b92,train_g2_equities5,-0.19031,12313
2026-07-20T00:09:34+00:00,g2_gen3,8176adae6aef2986,train_g2_equities5,-3.558384,12292
2026-07-20T00:09:37+00:00,g2_gen3,edb341f1da21e901,train_g2_equities5,0.263176,12307
2026-07-20T00:09:41+00:00,g2_gen3,37113c6aabebe542,train_g2_equities5,-4.533933,12358
2026-07-20T00:09:45+00:00,g2_gen3,36e5933118f1d4d7,train_g2_equities5,-3.497301,12286
2026-07-20T00:09:48+00:00,g2_gen3,a590a1835606de24,train_g2_equities5,-2.943588,12317
2026-07-20T00:09:51+00:00,g2_gen3,37113c6aabebe542,train_g2_equities5,-4.533933,12358
2026-07-20T00:09:54+00:00,g2_gen3,c623d1e2f6c368ff,train_g2_equities5,-0.564325,9302
2026-07-20T00:09:57+00:00,g2_gen3,76293d8a5f53ffc8,train_g2_equities5,-2.645502,12349
2026-07-20T00:10:00+00:00,g2_gen3,a9fe033c5217e1e4,train_g2_equities5,-0.097592,12337
2026-07-20T00:10:03+00:00,g2_gen3,ce389f8780023de0,train_g2_equities5,-0.526963,12258
2026-07-20T00:10:09+00:00,g2_gen3,6807ef3cf6c4a191,train_g2_equities5,0.900149,12267
2026-07-20T00:10:12+00:00,g2_gen3,3c6d9ba5fdaa9df9,train_g2_equities5,-1.692277,12350
2026-07-20T00:10:16+00:00,g2_gen3,edb341f1da21e901,train_g2_equities5,-0.637634,12307
2026-07-20T00:10:19+00:00,g2_gen3,2770e8b33c7a2851,train_g2_equities5,0.814391,12328
2026-07-20T00:10:22+00:00,g2_gen3,6807ef3cf6c4a191,train_g2_equities5,-0.292216,12267
2026-07-20T00:10:25+00:00,g2_gen3,610995da8b16904f,train_g2_equities5,-3.579666,12338
2026-07-20T00:10:29+00:00,g2_gen3,a99844019cbfdf03,train_g2_equities5,nan,0
2026-07-20T00:10:32+00:00,g2_gen3,2e34d4baa4b36cba,train_g2_equities5,0.06236,12308
2026-07-20T00:10:37+00:00,g2_gen3,bae9d1bcf93a9e76,train_g2_equities5,0.64969,12306
2026-07-20T00:10:40+00:00,g2_gen3,881d4b7021f09b92,train_g2_equities5,0.38639,12313
2026-07-20T00:10:43+00:00,g2_gen3,d638b69960b1f79f,train_g2_equities5,-1.428993,216
2026-07-20T00:10:45+00:00,g2_gen3,bae9d1bcf93a9e76,train_g2_equities5,0.020774,12306
2026-07-20T00:10:48+00:00,g2_gen3,bf8385ed7feda756,train_g2_equities5,-1.380289,12333
2026-07-20T00:10:52+00:00,g2_gen3,e787d33c623f08d9,train_g2_equities5,-0.176811,12355
2026-07-20T00:10:55+00:00,g2_gen3,a9fe033c5217e1e4,train_g2_equities5,-1.854334,12337
2026-07-20T00:10:59+00:00,g2_gen3,73929c91af1cfcd3,train_g2_equities5,-3.830612,12297
2026-07-20T00:11:02+00:00,g2_gen3,9538981a083d6989,train_g2_equities5,0.148231,12298
2026-07-20T00:11:05+00:00,g2_gen3,8429f8bac50f7436,train_g2_equities5,0.083098,12257
2026-07-20T00:11:08+00:00,g2_gen3,cc3465031404e43e,train_g2_equities5,-4.395935,12359
2026-07-20T00:11:11+00:00,g2_gen3,3f31b0a97f769464,train_g2_equities5,-0.319501,12354
2026-07-20T00:11:15+00:00,g2_gen3,3916a39b718ff67c,train_g2_equities5,-2.606248,12325
2026-07-20T00:11:20+00:00,g2_gen3,5d28cdd19c251ea9,train_g2_equities5,0.573435,12237
2026-07-20T00:11:23+00:00,g2_gen3,6807ef3cf6c4a191,train_g2_equities5,-0.2516,12267
2026-07-20T00:11:26+00:00,g2_gen3,312c417a03eea6f0,train_g2_equities5,0.036154,12324
2026-07-20T00:11:29+00:00,g2_gen3,a99844019cbfdf03,train_g2_equities5,nan,0
2026-07-20T00:11:32+00:00,g2_gen3,a9fe033c5217e1e4,train_g2_equities5,0.832734,12337
2026-07-20T00:11:35+00:00,g2_gen3,37113c6aabebe542,train_g2_equities5,-3.06984,12358
2026-07-20T00:11:37+00:00,g2_gen3,881d4b7021f09b92,train_g2_equities5,-1.448078,12313
2026-07-20T00:11:43+00:00,g2_gen3,26fd7de331917a29,train_g2_equities5,-1.819019,12340
2026-07-20T00:11:47+00:00,g2_gen3,9839ca0582669ded,train_g2_equities5,-0.643554,12266
2026-07-20T00:11:52+00:00,g2_gen3,312c417a03eea6f0,train_g2_equities5,0.826634,12324
2026-07-20T00:11:56+00:00,g2_gen3,62e8f69b3eac51e0,train_g2_equities5,-0.482951,12315
2026-07-20T00:12:02+00:00,g2_gen3,76293d8a5f53ffc8,train_g2_equities5,-2.734104,12349
2026-07-20T00:12:05+00:00,g2_gen3,c7edb9d46596bffa,train_g2_equities5,-2.550219,12296
2026-07-20T00:12:09+00:00,g2_gen3,312c417a03eea6f0,train_g2_equities5,-1.13624,12324
2026-07-20T00:12:11+00:00,g2_gen3,2770e8b33c7a2851,train_g2_equities5,0.684782,12328
2026-07-20T00:12:14+00:00,g2_gen3,20c655bb250a21c2,train_g2_equities5,-0.138724,12320
2026-07-20T00:12:17+00:00,g2_gen3,42dd504e3132337e,train_g2_equities5,-0.399872,12304
2026-07-20T00:12:20+00:00,g2_gen3,20c655bb250a21c2,train_g2_equities5,0.54717,12320
2026-07-20T00:12:23+00:00,g2_gen4,304278b2ef468054,train_g2_equities5,-3.105851,12337
2026-07-20T00:12:26+00:00,g2_gen4,ba2d1cffb397d0d0,train_g2_equities5,-2.662125,12308
2026-07-20T00:12:29+00:00,g2_gen4,d1b85fa7e615e2b9,train_g2_equities5,-1.683666,12354
2026-07-20T00:13:30+00:00,g2_gen4,0393b2d1c7a7a69d,train_g2_equities5,0.036154,12324
2026-07-20T00:13:39+00:00,g2_gen4,f870de5f126cdf15,train_g2_equities5,-2.792924,12358
2026-07-20T00:13:46+00:00,g2_gen4,04e8216f73991d4e,train_g2_equities5,-3.41722,12297
2026-07-20T00:29:33+00:00,g2_gen0,02c56cda151b0f9c,train_g2_equities5,-2.550081,12297
2026-07-20T00:29:35+00:00,g2_gen0,02c56cda151b0f9c,train_g2_equities5,-2.874974,12297
2026-07-20T00:29:36+00:00,g2_gen0,f9b6a53ccdd5bfc9,train_g2_equities5,-1.460678,10863
2026-07-20T00:29:38+00:00,g2_gen0,f7e893ec846ab01b,train_g2_equities5,-4.533933,12358
2026-07-20T00:29:39+00:00,g2_gen0,2fdb343f878a6622,train_g2_equities5,nan,0
2026-07-20T00:29:41+00:00,g2_gen0,ce38a9bcabe276cb,train_g2_equities5,-2.553018,12356
2026-07-20T00:29:42+00:00,g2_gen0,09d51de5e3c83344,train_g2_equities5,-0.81264,12278
2026-07-20T00:29:46+00:00,g2_gen0,dd9e42b257451c42,train_g2_equities5,-4.456743,12349
2026-07-20T00:29:48+00:00,g2_gen0,02c56cda151b0f9c,train_g2_equities5,-2.888275,12297
2026-07-20T00:29:50+00:00,g2_gen0,f7e893ec846ab01b,train_g2_equities5,-4.608756,12358
2026-07-20T00:29:52+00:00,g2_gen0,2fdb343f878a6622,train_g2_equities5,nan,0
2026-07-20T00:29:56+00:00,g2_gen0,56d73b7ce7c54984,train_g2_equities5,0.50166,12267
2026-07-20T00:29:58+00:00,g2_gen0,02c56cda151b0f9c,train_g2_equities5,-0.741969,12297
2026-07-20T00:29:59+00:00,g2_gen0,c0bf7b49f4f204a0,train_g2_equities5,nan,10
2026-07-20T00:30:00+00:00,g2_gen0,b3f4b8c835bfbff6,train_g2_equities5,-3.067056,12354
2026-07-20T00:30:02+00:00,g2_gen0,2fdb343f878a6622,train_g2_equities5,nan,0
2026-07-20T00:30:04+00:00,g2_gen0,ef24c16757e79f87,train_g2_equities5,-2.890374,12343
2026-07-20T00:30:06+00:00,g2_gen0,02c56cda151b0f9c,train_g2_equities5,-0.467852,12297
2026-07-20T00:30:08+00:00,g2_gen0,f7b98123b20acb2c,train_g2_equities5,-2.555184,11521
2026-07-20T00:30:10+00:00,g2_gen0,2fdb343f878a6622,train_g2_equities5,nan,0
2026-07-20T00:30:12+00:00,g2_gen0,deb6168b3d4a5f76,train_g2_equities5,-1.055341,246
2026-07-20T00:30:15+00:00,g2_gen0,b45babc64931089b,train_g2_equities5,-5.348703,12352
2026-07-20T00:30:17+00:00,g2_gen0,9da75f74cad2ea42,train_g2_equities5,-3.885274,12346
2026-07-20T00:30:18+00:00,g2_gen0,9c1abcd8e60348bd,train_g2_equities5,0.003162,12338
2026-07-20T00:30:20+00:00,g2_gen0,02c56cda151b0f9c,train_g2_equities5,-2.692515,12297
2026-07-20T00:30:25+00:00,g2_gen0,2fdb343f878a6622,train_g2_equities5,nan,0
2026-07-20T00:30:26+00:00,g2_gen0,d86b2281825f5616,train_g2_equities5,-2.147753,12357
2026-07-20T00:30:28+00:00,g2_gen0,119c6008a0ad98bd,train_g2_equities5,0.661194,12324
2026-07-20T00:30:30+00:00,g2_gen0,263f1922dd8e9482,train_g2_equities5,-0.866509,12292
2026-07-20T00:30:32+00:00,g2_gen0,9c1abcd8e60348bd,train_g2_equities5,-1.654092,12338
2026-07-20T00:30:34+00:00,g2_gen0,f4293c113f7d3137,train_g2_equities5,-1.54596,12341
2026-07-20T00:30:39+00:00,g2_gen0,02c56cda151b0f9c,train_g2_equities5,-2.620855,12297
2026-07-20T00:30:41+00:00,g2_gen0,02c56cda151b0f9c,train_g2_equities5,-0.741969,12297
2026-07-20T00:30:42+00:00,g2_gen0,99d939d50c2d6c8b,train_g2_equities5,0.067645,12293
2026-07-20T00:30:44+00:00,g2_gen0,cfd869a99edf1619,train_g2_equities5,-2.661845,3573
2026-07-20T00:30:45+00:00,g2_gen0,cca3bf3a73f18d38,train_g2_equities5,-4.395935,12359
2026-07-20T00:30:47+00:00,g2_gen0,2fdb343f878a6622,train_g2_equities5,nan,0
2026-07-20T00:30:48+00:00,g2_gen0,f646a39fe0f61b62,train_g2_equities5,-4.173732,7880
2026-07-20T00:30:50+00:00,g2_gen0,1e0d3b63b2aaba2b,train_g2_equities5,-0.989789,12276
2026-07-20T00:30:53+00:00,g2_gen0,14f13acb234579ce,train_g2_equities5,-1.003649,12200
2026-07-20T00:30:54+00:00,g2_gen0,b3f4b8c835bfbff6,train_g2_equities5,-2.185586,12354
2026-07-20T00:30:56+00:00,g2_gen0,7dff7678c7ef9d84,train_g2_equities5,-0.12114,8006
2026-07-20T00:31:00+00:00,g2_gen0,910cc67266383de9,train_g2_equities5,-3.685789,12340
2026-07-20T00:31:01+00:00,g2_gen0,b3f4b8c835bfbff6,train_g2_equities5,1.087363,12354
2026-07-20T00:31:04+00:00,g2_gen0,e028c210638d1d62,train_g2_equities5,-1.417792,12335
2026-07-20T00:31:07+00:00,g2_gen0,2674ea8b93a8e54e,train_g2_equities5,-0.729862,12290
2026-07-20T00:31:09+00:00,g2_gen0,f7e893ec846ab01b,train_g2_equities5,0.662984,12358
2026-07-20T00:31:11+00:00,g2_gen0,b3f4b8c835bfbff6,train_g2_equities5,-1.297295,12354
2026-07-20T00:31:12+00:00,g2_gen0,46045a98562e5cfd,train_g2_equities5,0.258011,12313
2026-07-20T00:31:14+00:00,g2_gen0,2195f5acd4977b8c,train_g2_equities5,-4.167778,12337
2026-07-20T00:31:16+00:00,g2_gen0,81bccba55f8830ab,train_g2_equities5,-2.397973,12328
2026-07-20T00:31:17+00:00,g2_gen0,9c1abcd8e60348bd,train_g2_equities5,-3.55475,12338
2026-07-20T00:31:19+00:00,g2_gen0,2fdb343f878a6622,train_g2_equities5,nan,0
2026-07-20T00:31:20+00:00,g2_gen0,81bccba55f8830ab,train_g2_equities5,-0.647342,12328
2026-07-20T00:31:23+00:00,g2_gen0,02c56cda151b0f9c,train_g2_equities5,-2.325145,12297
2026-07-20T00:31:24+00:00,g2_gen0,93c88e39a1b3a5c9,train_g2_equities5,-1.708294,12345
2026-07-20T00:31:26+00:00,g2_gen0,6ed205d6aba62a41,train_g2_equities5,-1.88899,12288
2026-07-20T00:31:28+00:00,g2_gen0,aa6858c7fa0aeabc,train_g2_equities5,0.168115,6683
2026-07-20T00:31:29+00:00,g2_gen0,46045a98562e5cfd,train_g2_equities5,0.649427,12313
2026-07-20T00:31:31+00:00,g2_gen0,eaf59440fd3cb891,train_g2_equities5,-0.290849,12308
2026-07-20T00:31:34+00:00,g2_gen0,d327035e8eee3ac1,train_g2_equities5,-1.693708,11543
2026-07-20T00:31:39+00:00,g2_gen0,62b50ab53fa8a037,train_g2_equities5,-1.661969,12284
2026-07-20T00:31:41+00:00,g2_gen0,8dffa7dd38ac625c,train_g2_equities5,-0.822393,12329
2026-07-20T00:31:43+00:00,g2_gen0,b3f4b8c835bfbff6,train_g2_equities5,-2.874027,12354
2026-07-20T00:31:45+00:00,g2_gen0,2fdb343f878a6622,train_g2_equities5,nan,0
2026-07-20T00:31:47+00:00,g2_gen0,2fdb343f878a6622,train_g2_equities5,nan,0
2026-07-20T00:31:49+00:00,g2_gen0,bf87f4865ca44f4a,train_g2_equities5,-2.538656,11534
2026-07-20T00:31:50+00:00,g2_gen0,0b643c915e09ed8c,train_g2_equities5,-1.751315,12317
2026-07-20T00:31:53+00:00,g2_gen0,02c56cda151b0f9c,train_g2_equities5,-1.039415,12297
2026-07-20T00:31:56+00:00,g2_gen0,dd74249b80a70838,train_g2_equities5,-1.850264,11377
2026-07-20T00:31:58+00:00,g2_gen0,d86b2281825f5616,train_g2_equities5,-1.275951,12357
2026-07-20T00:31:59+00:00,g2_gen0,532fff63a0de14f9,train_g2_equities5,-2.66988,12353
2026-07-20T00:32:01+00:00,g2_gen0,81bccba55f8830ab,train_g2_equities5,-1.411604,12328
2026-07-20T00:32:04+00:00,g2_gen0,2c9dbfbea8e8ef5d,train_g2_equities5,-0.741432,12299
2026-07-20T00:32:06+00:00,g2_gen0,37e780e1178a54b9,train_g2_equities5,-3.25904,11553
2026-07-20T00:32:08+00:00,g2_gen0,46045a98562e5cfd,train_g2_equities5,0.395035,12313
2026-07-20T00:32:09+00:00,g2_gen0,532fff63a0de14f9,train_g2_equities5,-0.756862,12353
2026-07-20T00:32:11+00:00,g2_gen0,532fff63a0de14f9,train_g2_equities5,-2.133493,12353
2026-07-20T00:32:13+00:00,g2_gen0,02c56cda151b0f9c,train_g2_equities5,-0.296593,12297
2026-07-20T00:32:15+00:00,g2_gen0,d86b2281825f5616,train_g2_equities5,-2.71669,12357
2026-07-20T00:32:17+00:00,g2_gen0,9c1abcd8e60348bd,train_g2_equities5,-2.97151,12338
2026-07-20T00:32:20+00:00,g2_gen0,263f1922dd8e9482,train_g2_equities5,-1.22962,12292
2026-07-20T00:32:23+00:00,g2_gen0,b45babc64931089b,train_g2_equities5,-2.518002,12352
2026-07-20T00:32:25+00:00,g2_gen0,239a301103758221,train_g2_equities5,-3.059995,10905
2026-07-20T00:32:27+00:00,g2_gen0,a4f851cb8f300132,train_g2_equities5,-1.04767,12148
2026-07-20T00:32:29+00:00,g2_gen0,6823ec9e93ee9f32,train_g2_equities5,-3.367731,12272
2026-07-20T00:32:32+00:00,g2_gen0,f7e893ec846ab01b,train_g2_equities5,0.288311,12358
2026-07-20T00:32:33+00:00,g2_gen0,dfeaa9db7eafa7fa,train_g2_equities5,-0.311973,11720
2026-07-20T00:32:35+00:00,g2_gen0,93c88e39a1b3a5c9,train_g2_equities5,0.368272,12345
2026-07-20T00:32:36+00:00,g2_gen0,8dffa7dd38ac625c,train_g2_equities5,-0.864499,12329
2026-07-20T00:32:38+00:00,g2_gen1,c09dec70516cf6f5,train_g2_equities5,-0.110645,12308
2026-07-20T00:32:40+00:00,g2_gen1,c2a8d532ab158641,train_g2_equities5,nan,0
2026-07-20T00:32:41+00:00,g2_gen1,e6b78bb948cc0ede,train_g2_equities5,0.446748,12348
2026-07-20T00:44:33+00:00,g2_gen0,02c56cda151b0f9c,train_g2_equities5,-2.550081,12297
2026-07-20T00:44:34+00:00,g2_gen0,02c56cda151b0f9c,train_g2_equities5,-2.874974,12297
2026-07-20T00:44:35+00:00,g2_gen0,f9b6a53ccdd5bfc9,train_g2_equities5,-1.460678,10863
2026-07-20T00:44:37+00:00,g2_gen0,f7e893ec846ab01b,train_g2_equities5,-4.533933,12358
2026-07-20T00:44:38+00:00,g2_gen0,2fdb343f878a6622,train_g2_equities5,nan,0
2026-07-20T00:44:39+00:00,g2_gen0,ce38a9bcabe276cb,train_g2_equities5,-2.553018,12356
2026-07-20T00:44:40+00:00,g2_gen0,09d51de5e3c83344,train_g2_equities5,-0.81264,12278
2026-07-20T00:44:43+00:00,g2_gen0,dd9e42b257451c42,train_g2_equities5,-4.456743,12349
2026-07-20T00:44:45+00:00,g2_gen0,02c56cda151b0f9c,train_g2_equities5,-2.888275,12297
2026-07-20T00:44:46+00:00,g2_gen0,f7e893ec846ab01b,train_g2_equities5,-4.608756,12358
2026-07-20T00:44:48+00:00,g2_gen0,2fdb343f878a6622,train_g2_equities5,nan,0
2026-07-20T00:44:51+00:00,g2_gen0,56d73b7ce7c54984,train_g2_equities5,0.50166,12267
2026-07-20T00:44:53+00:00,g2_gen0,02c56cda151b0f9c,train_g2_equities5,-0.741969,12297
2026-07-20T00:44:54+00:00,g2_gen0,c0bf7b49f4f204a0,train_g2_equities5,nan,10
2026-07-20T00:44:55+00:00,g2_gen0,b3f4b8c835bfbff6,train_g2_equities5,-3.067056,12354
2026-07-20T00:44:56+00:00,g2_gen0,2fdb343f878a6622,train_g2_equities5,nan,0
2026-07-20T00:44:58+00:00,g2_gen0,ef24c16757e79f87,train_g2_equities5,-2.890374,12343
2026-07-20T00:45:00+00:00,g2_gen0,02c56cda151b0f9c,train_g2_equities5,-0.467852,12297
2026-07-20T00:45:01+00:00,g2_gen0,f7b98123b20acb2c,train_g2_equities5,-2.555184,11521
2026-07-20T00:45:03+00:00,g2_gen0,2fdb343f878a6622,train_g2_equities5,nan,0
2026-07-20T00:45:05+00:00,g2_gen0,deb6168b3d4a5f76,train_g2_equities5,-1.055341,246
2026-07-20T00:45:07+00:00,g2_gen0,b45babc64931089b,train_g2_equities5,-5.348703,12352
2026-07-20T00:45:08+00:00,g2_gen0,9da75f74cad2ea42,train_g2_equities5,-3.885274,12346
2026-07-20T00:45:10+00:00,g2_gen0,9c1abcd8e60348bd,train_g2_equities5,0.003162,12338
2026-07-20T00:45:11+00:00,g2_gen0,02c56cda151b0f9c,train_g2_equities5,-2.692515,12297
2026-07-20T00:45:15+00:00,g2_gen0,2fdb343f878a6622,train_g2_equities5,nan,0
2026-07-20T00:45:16+00:00,g2_gen0,d86b2281825f5616,train_g2_equities5,-2.147753,12357
2026-07-20T00:45:18+00:00,g2_gen0,119c6008a0ad98bd,train_g2_equities5,0.661194,12324
2026-07-20T00:45:20+00:00,g2_gen0,263f1922dd8e9482,train_g2_equities5,-0.866509,12292
2026-07-20T00:45:21+00:00,g2_gen0,9c1abcd8e60348bd,train_g2_equities5,-1.654092,12338
2026-07-20T00:45:23+00:00,g2_gen0,f4293c113f7d3137,train_g2_equities5,-1.54596,12341
2026-07-20T00:45:27+00:00,g2_gen0,02c56cda151b0f9c,train_g2_equities5,-2.620855,12297
2026-07-20T00:45:29+00:00,g2_gen0,02c56cda151b0f9c,train_g2_equities5,-0.741969,12297
2026-07-20T00:45:30+00:00,g2_gen0,99d939d50c2d6c8b,train_g2_equities5,0.067645,12293
2026-07-20T00:45:32+00:00,g2_gen0,cfd869a99edf1619,train_g2_equities5,-2.661845,3573
2026-07-20T00:45:33+00:00,g2_gen0,cca3bf3a73f18d38,train_g2_equities5,-4.395935,12359
2026-07-20T00:45:34+00:00,g2_gen0,2fdb343f878a6622,train_g2_equities5,nan,0
2026-07-20T00:45:36+00:00,g2_gen0,f646a39fe0f61b62,train_g2_equities5,-4.173732,7880
2026-07-20T00:45:37+00:00,g2_gen0,1e0d3b63b2aaba2b,train_g2_equities5,-0.989789,12276
2026-07-20T00:45:39+00:00,g2_gen0,14f13acb234579ce,train_g2_equities5,-1.003649,12200
2026-07-20T00:45:41+00:00,g2_gen0,b3f4b8c835bfbff6,train_g2_equities5,-2.185586,12354
2026-07-20T00:45:42+00:00,g2_gen0,7dff7678c7ef9d84,train_g2_equities5,-0.12114,8006
2026-07-20T00:45:45+00:00,g2_gen0,910cc67266383de9,train_g2_equities5,-3.685789,12340
2026-07-20T00:45:46+00:00,g2_gen0,b3f4b8c835bfbff6,train_g2_equities5,1.087363,12354
2026-07-20T00:45:49+00:00,g2_gen0,e028c210638d1d62,train_g2_equities5,-1.417792,12335
2026-07-20T00:45:52+00:00,g2_gen0,2674ea8b93a8e54e,train_g2_equities5,-0.729862,12290
2026-07-20T00:45:53+00:00,g2_gen0,f7e893ec846ab01b,train_g2_equities5,0.662984,12358
2026-07-20T00:45:55+00:00,g2_gen0,b3f4b8c835bfbff6,train_g2_equities5,-1.297295,12354
2026-07-20T00:45:56+00:00,g2_gen0,46045a98562e5cfd,train_g2_equities5,0.258011,12313
2026-07-20T00:45:57+00:00,g2_gen0,2195f5acd4977b8c,train_g2_equities5,-4.167778,12337
2026-07-20T00:45:59+00:00,g2_gen0,81bccba55f8830ab,train_g2_equities5,-2.397973,12328
2026-07-20T00:46:00+00:00,g2_gen0,9c1abcd8e60348bd,train_g2_equities5,-3.55475,12338
2026-07-20T00:46:01+00:00,g2_gen0,2fdb343f878a6622,train_g2_equities5,nan,0
2026-07-20T00:46:02+00:00,g2_gen0,81bccba55f8830ab,train_g2_equities5,-0.647342,12328
2026-07-20T00:46:04+00:00,g2_gen0,02c56cda151b0f9c,train_g2_equities5,-2.325145,12297
2026-07-20T00:46:06+00:00,g2_gen0,93c88e39a1b3a5c9,train_g2_equities5,-1.708294,12345
2026-07-20T00:46:07+00:00,g2_gen0,6ed205d6aba62a41,train_g2_equities5,-1.88899,12288
2026-07-20T00:46:08+00:00,g2_gen0,aa6858c7fa0aeabc,train_g2_equities5,0.168115,6683
2026-07-20T00:46:10+00:00,g2_gen0,46045a98562e5cfd,train_g2_equities5,0.649427,12313
2026-07-20T00:46:11+00:00,g2_gen0,eaf59440fd3cb891,train_g2_equities5,-0.290849,12308
2026-07-20T00:46:13+00:00,g2_gen0,d327035e8eee3ac1,train_g2_equities5,-1.693708,11543
2026-07-20T00:46:14+00:00,g2_gen0,62b50ab53fa8a037,train_g2_equities5,-1.661969,12284
2026-07-20T00:46:16+00:00,g2_gen0,8dffa7dd38ac625c,train_g2_equities5,-0.822393,12329
2026-07-20T00:46:17+00:00,g2_gen0,b3f4b8c835bfbff6,train_g2_equities5,-2.874027,12354
2026-07-20T00:46:18+00:00,g2_gen0,2fdb343f878a6622,train_g2_equities5,nan,0
2026-07-20T00:46:20+00:00,g2_gen0,2fdb343f878a6622,train_g2_equities5,nan,0
2026-07-20T00:46:22+00:00,g2_gen0,bf87f4865ca44f4a,train_g2_equities5,-2.538656,11534
2026-07-20T00:46:23+00:00,g2_gen0,0b643c915e09ed8c,train_g2_equities5,-1.751315,12317
2026-07-20T00:46:25+00:00,g2_gen0,02c56cda151b0f9c,train_g2_equities5,-1.039415,12297
2026-07-20T00:46:27+00:00,g2_gen0,dd74249b80a70838,train_g2_equities5,-1.850264,11377
2026-07-20T00:46:28+00:00,g2_gen0,d86b2281825f5616,train_g2_equities5,-1.275951,12357
2026-07-20T00:46:30+00:00,g2_gen0,532fff63a0de14f9,train_g2_equities5,-2.66988,12353
2026-07-20T00:46:31+00:00,g2_gen0,81bccba55f8830ab,train_g2_equities5,-1.411604,12328
2026-07-20T00:46:34+00:00,g2_gen0,2c9dbfbea8e8ef5d,train_g2_equities5,-0.741432,12299
2026-07-20T00:46:35+00:00,g2_gen0,37e780e1178a54b9,train_g2_equities5,-3.25904,11553
2026-07-20T00:46:37+00:00,g2_gen0,46045a98562e5cfd,train_g2_equities5,0.395035,12313
2026-07-20T00:46:39+00:00,g2_gen0,532fff63a0de14f9,train_g2_equities5,-0.756862,12353
2026-07-20T00:46:41+00:00,g2_gen0,532fff63a0de14f9,train_g2_equities5,-2.133493,12353
2026-07-20T00:46:43+00:00,g2_gen0,02c56cda151b0f9c,train_g2_equities5,-0.296593,12297
2026-07-20T00:46:45+00:00,g2_gen0,d86b2281825f5616,train_g2_equities5,-2.71669,12357
2026-07-20T00:46:47+00:00,g2_gen0,9c1abcd8e60348bd,train_g2_equities5,-2.97151,12338
2026-07-20T00:46:49+00:00,g2_gen0,263f1922dd8e9482,train_g2_equities5,-1.22962,12292
2026-07-20T00:46:52+00:00,g2_gen0,b45babc64931089b,train_g2_equities5,-2.518002,12352
2026-07-20T00:46:53+00:00,g2_gen0,239a301103758221,train_g2_equities5,-3.059995,10905
2026-07-20T00:46:56+00:00,g2_gen0,a4f851cb8f300132,train_g2_equities5,-1.04767,12148
2026-07-20T00:46:58+00:00,g2_gen0,6823ec9e93ee9f32,train_g2_equities5,-3.367731,12272
2026-07-20T00:47:00+00:00,g2_gen0,f7e893ec846ab01b,train_g2_equities5,0.288311,12358
2026-07-20T00:47:01+00:00,g2_gen0,dfeaa9db7eafa7fa,train_g2_equities5,-0.311973,11720
2026-07-20T00:47:02+00:00,g2_gen0,93c88e39a1b3a5c9,train_g2_equities5,0.368272,12345
2026-07-20T00:47:04+00:00,g2_gen0,8dffa7dd38ac625c,train_g2_equities5,-0.864499,12329
2026-07-20T00:47:05+00:00,g2_gen1,c09dec70516cf6f5,train_g2_equities5,-0.110645,12308
2026-07-20T00:47:06+00:00,g2_gen1,c2a8d532ab158641,train_g2_equities5,nan,0
2026-07-20T00:47:08+00:00,g2_gen1,e6b78bb948cc0ede,train_g2_equities5,0.446748,12348
2026-07-20T00:47:09+00:00,g2_gen1,e05ef5628c27c022,train_g2_equities5,-0.30098,12329
2026-07-20T00:47:12+00:00,g2_gen1,d5e70f3eef99e35e,train_g2_equities5,-3.895289,12258
2026-07-20T00:47:14+00:00,g2_gen1,6d7019863e008f3c,train_g2_equities5,0.832734,12337
2026-07-20T00:47:15+00:00,g2_gen1,d5c6812b352482ea,train_g2_equities5,-2.700352,12338
2026-07-20T00:47:17+00:00,g2_gen1,88055f3ccb8c15c5,train_g2_equities5,-1.388223,12303
2026-07-20T00:47:18+00:00,g2_gen1,5fa04099cfd8563c,train_g2_equities5,-0.759745,12340
2026-07-20T00:47:21+00:00,g2_gen1,3f7082e1afc3887b,train_g2_equities5,0.111338,12299
2026-07-20T00:47:23+00:00,g2_gen1,c866d1e4216063d3,train_g2_equities5,-2.737432,12297
2026-07-20T00:47:25+00:00,g2_gen1,6691874c981ec3c7,train_g2_equities5,-2.784798,12356
2026-07-20T00:47:27+00:00,g2_gen1,c866d1e4216063d3,train_g2_equities5,-1.250498,12297
2026-07-20T00:47:29+00:00,g2_gen1,9676851808a62491,train_g2_equities5,-1.220157,12267
2026-07-20T00:47:30+00:00,g2_gen1,d5c6812b352482ea,train_g2_equities5,-1.058596,12338
2026-07-20T00:47:32+00:00,g2_gen1,e05ef5628c27c022,train_g2_equities5,-1.780239,12329
2026-07-20T00:47:33+00:00,g2_gen1,9676851808a62491,train_g2_equities5,-1.498253,12267
2026-07-20T00:47:35+00:00,g2_gen1,d84e927a5fab4696,train_g2_equities5,-1.125378,12283
2026-07-20T00:47:36+00:00,g2_gen1,85cfeac19c85acf3,train_g2_equities5,-2.895474,12332
2026-07-20T00:47:38+00:00,g2_gen1,6d7019863e008f3c,train_g2_equities5,0.000788,12337
2026-07-20T00:47:39+00:00,g2_gen1,d5c6812b352482ea,train_g2_equities5,0.155062,12338
2026-07-20T00:47:42+00:00,g2_gen1,530c3c45d50430e2,train_g2_equities5,-0.279558,12324
2026-07-20T00:47:43+00:00,g2_gen1,0cc12690756a2d5e,train_g2_equities5,0.565246,12311
2026-07-20T00:47:44+00:00,g2_gen1,d5c6812b352482ea,train_g2_equities5,-1.647617,12338
2026-07-20T00:47:46+00:00,g2_gen1,e05ef5628c27c022,train_g2_equities5,-0.305083,12329
2026-07-20T00:47:47+00:00,g2_gen1,c09dec70516cf6f5,train_g2_equities5,-0.167414,12308
2026-07-20T00:47:49+00:00,g2_gen1,07553cf3db46d5c2,train_g2_equities5,-2.854787,12358
2026-07-20T00:47:50+00:00,g2_gen1,6085d302f1090e0c,train_g2_equities5,0.67195,12359
2026-07-20T00:47:51+00:00,g2_gen1,9745c12bde9d5bb3,train_g2_equities5,0.529703,12349
2026-07-20T00:47:52+00:00,g2_gen1,07553cf3db46d5c2,train_g2_equities5,0.310155,12358
2026-07-20T00:47:54+00:00,g2_gen1,c2a8d532ab158641,train_g2_equities5,nan,0
2026-07-20T00:47:55+00:00,g2_gen1,d5c6812b352482ea,train_g2_equities5,0.037264,12338
2026-07-20T00:47:57+00:00,g2_gen1,c2a8d532ab158641,train_g2_equities5,nan,0
2026-07-20T00:47:58+00:00,g2_gen1,2abba10adbb4eac5,train_g2_equities5,-1.318224,12296
2026-07-20T00:48:00+00:00,g2_gen1,29f3fce96e00af44,train_g2_equities5,-0.504129,12313
2026-07-20T00:48:01+00:00,g2_gen1,00c3002c31b7c242,train_g2_equities5,0.668097,12320
2026-07-20T00:48:03+00:00,g2_gen1,3f7082e1afc3887b,train_g2_equities5,-0.433317,12299
2026-07-20T00:48:04+00:00,g2_gen1,ac16280b3fa4b447,train_g2_equities5,0.074937,12334
2026-07-20T00:48:06+00:00,g2_gen1,1f2dee0406e83bd1,train_g2_equities5,-2.0872,12344
2026-07-20T00:48:07+00:00,g2_gen1,1b84ee1d85bffee7,train_g2_equities5,0.216323,12345
2026-07-20T00:48:09+00:00,g2_gen1,9745c12bde9d5bb3,train_g2_equities5,-1.208955,12349
2026-07-20T00:48:11+00:00,g2_gen1,2f5e2df030cdfcad,train_g2_equities5,-0.914178,12327
2026-07-20T00:48:12+00:00,g2_gen1,2f5e2df030cdfcad,train_g2_equities5,0.595959,12327
2026-07-20T00:48:13+00:00,g2_gen1,0ab62737a574a3f5,train_g2_equities5,-0.069512,12353
2026-07-20T00:48:14+00:00,g2_gen1,c8c76580243cfa71,train_g2_equities5,-0.425211,12011
2026-07-20T00:48:16+00:00,g2_gen1,c866d1e4216063d3,train_g2_equities5,-0.487632,12297
2026-07-20T00:48:17+00:00,g2_gen1,c2a8d532ab158641,train_g2_equities5,nan,0
2026-07-20T00:48:20+00:00,g2_gen1,b7b70b222eb81909,train_g2_equities5,-2.537462,12352
2026-07-20T00:58:54+00:00,g2_gen0,02c56cda151b0f9c,train_g2_equities5,-2.550081,12297
2026-07-20T00:58:56+00:00,g2_gen0,02c56cda151b0f9c,train_g2_equities5,-2.874974,12297
2026-07-20T00:58:57+00:00,g2_gen0,f9b6a53ccdd5bfc9,train_g2_equities5,-1.460678,10863
2026-07-20T00:58:59+00:00,g2_gen0,f7e893ec846ab01b,train_g2_equities5,-4.533933,12358
2026-07-20T00:59:00+00:00,g2_gen0,2fdb343f878a6622,train_g2_equities5,nan,0
2026-07-20T00:59:01+00:00,g2_gen0,ce38a9bcabe276cb,train_g2_equities5,-2.553018,12356
2026-07-20T00:59:03+00:00,g2_gen0,09d51de5e3c83344,train_g2_equities5,-0.81264,12278
2026-07-20T00:59:06+00:00,g2_gen0,dd9e42b257451c42,train_g2_equities5,-4.456743,12349
2026-07-20T00:59:08+00:00,g2_gen0,02c56cda151b0f9c,train_g2_equities5,-2.888275,12297
2026-07-20T00:59:09+00:00,g2_gen0,f7e893ec846ab01b,train_g2_equities5,-4.608756,12358
2026-07-20T00:59:11+00:00,g2_gen0,2fdb343f878a6622,train_g2_equities5,nan,0
2026-07-20T00:59:15+00:00,g2_gen0,56d73b7ce7c54984,train_g2_equities5,0.50166,12267
2026-07-20T00:59:16+00:00,g2_gen0,02c56cda151b0f9c,train_g2_equities5,-0.741969,12297
2026-07-20T00:59:17+00:00,g2_gen0,c0bf7b49f4f204a0,train_g2_equities5,nan,10
2026-07-20T00:59:19+00:00,g2_gen0,b3f4b8c835bfbff6,train_g2_equities5,-3.067056,12354
2026-07-20T00:59:20+00:00,g2_gen0,2fdb343f878a6622,train_g2_equities5,nan,0
2026-07-20T00:59:22+00:00,g2_gen0,ef24c16757e79f87,train_g2_equities5,-2.890374,12343
2026-07-20T00:59:24+00:00,g2_gen0,02c56cda151b0f9c,train_g2_equities5,-0.467852,12297
2026-07-20T00:59:25+00:00,g2_gen0,f7b98123b20acb2c,train_g2_equities5,-2.555184,11521
2026-07-20T00:59:27+00:00,g2_gen0,2fdb343f878a6622,train_g2_equities5,nan,0
2026-07-20T00:59:29+00:00,g2_gen0,deb6168b3d4a5f76,train_g2_equities5,-1.055341,246
2026-07-20T00:59:31+00:00,g2_gen0,b45babc64931089b,train_g2_equities5,-5.348703,12352
2026-07-20T00:59:33+00:00,g2_gen0,9da75f74cad2ea42,train_g2_equities5,-3.885274,12346
2026-07-20T00:59:34+00:00,g2_gen0,9c1abcd8e60348bd,train_g2_equities5,0.003162,12338
2026-07-20T00:59:36+00:00,g2_gen0,02c56cda151b0f9c,train_g2_equities5,-2.692515,12297
